/*
Navicat MySQL Data Transfer

Source Server         : localhost
Source Server Version : 50716
Source Host           : localhost:3306
Source Database       : beisishiro

Target Server Type    : MYSQL
Target Server Version : 50716
File Encoding         : 65001

Date: 2019-03-12 15:49:11
*/

SET FOREIGN_KEY_CHECKS=0;

-- ----------------------------
-- Table structure for t_schedule_job_list
-- ----------------------------
DROP TABLE IF EXISTS `t_schedule_job_list`;
CREATE TABLE `t_schedule_job_list` (
  `JOB_ID` varchar(50) NOT NULL COMMENT '任务ID',
  `JOB_NUM` int(11) DEFAULT NULL COMMENT '任务编号',
  `BEAN_NAME` varchar(1000) DEFAULT NULL COMMENT 'spring bean名称',
  `METHOD_NAME` varchar(1000) DEFAULT NULL COMMENT '方法名',
  `THE_PARAMS` varchar(5000) DEFAULT NULL COMMENT '参数',
  `CRON_EXPRESSION` varchar(255) DEFAULT NULL COMMENT 'cron表达式',
  `JOB_STATUS` int(11) DEFAULT NULL COMMENT '任务状态  0：正常  1：暂停',
  `JOB_REMARK` varchar(1000) DEFAULT NULL COMMENT '任务备注',
  `CREATE_USER` varchar(50) DEFAULT NULL COMMENT '创建人',
  `CREATE_TIME` datetime DEFAULT NULL COMMENT '创建时间',
  `UPDATE_USER` varchar(50) DEFAULT NULL COMMENT '修改人',
  `UPDATE_TIME` datetime DEFAULT NULL COMMENT '修改时间',
  PRIMARY KEY (`JOB_ID`)
) ENGINE=InnoDB DEFAULT CHARSET=utf8 COMMENT='定时任务列表';

-- ----------------------------
-- Records of t_schedule_job_list
-- ----------------------------
INSERT INTO `t_schedule_job_list` VALUES ('395e2b9674f4f5894483ec827f7d', '2', 'testTask', 'test2', '', '0/5 * * * * ?', '1', '无参数测试', '1', '2018-01-02 14:44:34', '1', '2019-03-08 19:25:10');
INSERT INTO `t_schedule_job_list` VALUES ('e1ce9356cba464bcd658a3d11c0b', '1', 'testTask', 'test', 'testParams', '0 0/1 * * * ?', '1', '有参数测试', '1', '2016-12-01 23:16:46', '1', '2019-03-08 19:24:48');

-- ----------------------------
-- Table structure for t_schedule_job_log
-- ----------------------------
DROP TABLE IF EXISTS `t_schedule_job_log`;
CREATE TABLE `t_schedule_job_log` (
  `LOG_ID` varchar(50) NOT NULL COMMENT '日志ID',
  `JOB_ID` varchar(50) NOT NULL COMMENT '任务ID',
  `BEAN_NAME` varchar(255) DEFAULT NULL COMMENT 'spring bean名称',
  `METHOD_NAME` varchar(255) DEFAULT NULL COMMENT '方法名',
  `THE_PARAMS` varchar(2000) DEFAULT NULL COMMENT '参数',
  `JOB_STATUS` int(11) NOT NULL COMMENT '任务状态    0：成功    1：失败',
  `ERROR_MSG` varchar(4000) DEFAULT NULL COMMENT '失败信息',
  `THE_TIMES` int(11) NOT NULL COMMENT '耗时',
  `CREATE_TIME` datetime DEFAULT NULL COMMENT '创建时间',
  PRIMARY KEY (`LOG_ID`)
) ENGINE=InnoDB DEFAULT CHARSET=utf8 COMMENT='定时任务日志';

-- ----------------------------
-- Records of t_schedule_job_log
-- ----------------------------
INSERT INTO `t_schedule_job_log` VALUES ('047c2d3c5564768b302c45d84413', '395e2b9674f4f5894483ec827f7d', 'testTask', 'test2', '', '0', null, '2', '2019-03-08 19:22:35');
INSERT INTO `t_schedule_job_log` VALUES ('0c45a38a0344ef9251d0c5cd7a57', '395e2b9674f4f5894483ec827f7d', 'testTask', 'test2', '', '0', null, '2', '2019-03-08 19:25:45');
INSERT INTO `t_schedule_job_log` VALUES ('0f17119f6f249a992d8e3e0541db', '395e2b9674f4f5894483ec827f7d', 'testTask', 'test2', '', '0', null, '2', '2019-03-08 19:22:30');
INSERT INTO `t_schedule_job_log` VALUES ('0f6088ce85f44d8454766e3b14fb', '395e2b9674f4f5894483ec827f7d', 'testTask', 'test2', '', '0', null, '3', '2019-03-07 21:25:55');
INSERT INTO `t_schedule_job_log` VALUES ('10d595d07f941897a23d74561432', '395e2b9674f4f5894483ec827f7d', 'testTask', 'test2', '', '0', null, '2', '2019-03-09 12:08:10');
INSERT INTO `t_schedule_job_log` VALUES ('13dad73c0ec41f996c15bbcdb60e', '395e2b9674f4f5894483ec827f7d', 'testTask', 'test2', '', '0', null, '3', '2019-03-07 21:48:00');
INSERT INTO `t_schedule_job_log` VALUES ('1bcd612b7fa4f29e6db1f4abc424', '395e2b9674f4f5894483ec827f7d', 'testTask', 'test2', '', '0', null, '1', '2019-03-08 19:22:05');
INSERT INTO `t_schedule_job_log` VALUES ('20b26d337134fa96366f598cb1c9', '395e2b9674f4f5894483ec827f7d', 'testTask', 'test2', '', '0', null, '0', '2019-03-08 19:26:25');
INSERT INTO `t_schedule_job_log` VALUES ('21306ab2fc14a9b3013ff71ef930', '395e2b9674f4f5894483ec827f7d', 'testTask', 'test2', '', '0', null, '2', '2019-03-08 19:26:20');
INSERT INTO `t_schedule_job_log` VALUES ('2354b1399af40a9a136d7651ae74', '395e2b9674f4f5894483ec827f7d', 'testTask', 'test2', '', '0', null, '1', '2019-03-08 19:22:25');
INSERT INTO `t_schedule_job_log` VALUES ('23c259e256e4d9bb5a7e6d3bcbd2', '395e2b9674f4f5894483ec827f7d', 'testTask', 'test2', '', '0', null, '2', '2019-03-09 12:08:35');
INSERT INTO `t_schedule_job_log` VALUES ('261d770cc9f48ab0e55ef79a4825', '395e2b9674f4f5894483ec827f7d', 'testTask', 'test2', '', '0', null, '1', '2019-03-08 19:26:00');
INSERT INTO `t_schedule_job_log` VALUES ('330fd4ea90147d94771d8f266562', '395e2b9674f4f5894483ec827f7d', 'testTask', 'test2', '', '0', null, '1', '2019-03-09 12:07:50');
INSERT INTO `t_schedule_job_log` VALUES ('338f14a85fe4ccad0b1fa0f5fed7', '395e2b9674f4f5894483ec827f7d', 'testTask', 'test2', '', '0', null, '2', '2019-03-09 12:08:00');
INSERT INTO `t_schedule_job_log` VALUES ('3792e4ae93d4d39e7b3d19ad6775', '395e2b9674f4f5894483ec827f7d', 'testTask', 'test2', '', '0', null, '1', '2019-03-08 19:25:10');
INSERT INTO `t_schedule_job_log` VALUES ('3d07b597d434e7abf73ddb1d9eaa', '395e2b9674f4f5894483ec827f7d', 'testTask', 'test2', '', '0', null, '1', '2019-03-08 19:25:15');
INSERT INTO `t_schedule_job_log` VALUES ('3e20945161249fa96d468f8a269c', '395e2b9674f4f5894483ec827f7d', 'testTask', 'test2', '', '0', null, '1', '2019-03-07 21:25:40');
INSERT INTO `t_schedule_job_log` VALUES ('4253ef4ad634bbb402e53efc4ef4', '395e2b9674f4f5894483ec827f7d', 'testTask', 'test2', '', '0', null, '0', '2019-03-07 21:25:45');
INSERT INTO `t_schedule_job_log` VALUES ('42827ffbff949b8daee892ad1071', '395e2b9674f4f5894483ec827f7d', 'testTask', 'test2', '', '0', null, '2', '2019-03-08 19:26:55');
INSERT INTO `t_schedule_job_log` VALUES ('4d62f17da47434abe3cd47ed9f99', '395e2b9674f4f5894483ec827f7d', 'testTask', 'test2', '', '0', null, '1', '2019-03-08 19:18:53');
INSERT INTO `t_schedule_job_log` VALUES ('54885ac4c6d427bb8f6b7be9cc7f', '395e2b9674f4f5894483ec827f7d', 'testTask', 'test2', '', '0', null, '1', '2019-03-08 19:21:55');
INSERT INTO `t_schedule_job_log` VALUES ('58236e73a154d6bb378c316e34ab', '395e2b9674f4f5894483ec827f7d', 'testTask', 'test2', '', '0', null, '1', '2019-03-08 19:22:50');
INSERT INTO `t_schedule_job_log` VALUES ('5f72d5187ea4c9ba0231b2b0d6bc', '395e2b9674f4f5894483ec827f7d', 'testTask', 'test2', '', '0', null, '1141', '2019-03-07 21:25:18');
INSERT INTO `t_schedule_job_log` VALUES ('62b53d3f06e4f9b77e7bfd3304a4', '395e2b9674f4f5894483ec827f7d', 'testTask', 'test2', '', '0', null, '2', '2019-03-08 19:26:30');
INSERT INTO `t_schedule_job_log` VALUES ('62caecc7b6f4f580bc7018401e3a', '395e2b9674f4f5894483ec827f7d', 'testTask', 'test2', '', '0', null, '1', '2019-03-08 19:25:55');
INSERT INTO `t_schedule_job_log` VALUES ('6846c8cb2044509c2be0fadcae09', '395e2b9674f4f5894483ec827f7d', 'testTask', 'test2', '', '0', null, '41', '2019-03-09 12:07:05');
INSERT INTO `t_schedule_job_log` VALUES ('71d82adb3aa4e1ba343e564b9952', '395e2b9674f4f5894483ec827f7d', 'testTask', 'test2', '', '0', null, '2', '2019-03-08 19:22:45');
INSERT INTO `t_schedule_job_log` VALUES ('71de68d61f44b3b3ac0ec24c21fe', '395e2b9674f4f5894483ec827f7d', 'testTask', 'test2', '', '0', null, '1', '2019-03-07 21:26:00');
INSERT INTO `t_schedule_job_log` VALUES ('756948d8a1a4b1b57d815970b2a1', '395e2b9674f4f5894483ec827f7d', 'testTask', 'test2', '', '0', null, '1', '2019-03-09 12:09:20');
INSERT INTO `t_schedule_job_log` VALUES ('7734bc23d1142bb911d4a5629275', '395e2b9674f4f5894483ec827f7d', 'testTask', 'test2', '', '0', null, '1', '2019-03-08 19:22:00');
INSERT INTO `t_schedule_job_log` VALUES ('773bcc4e71c4fc9f43fbff02dd8b', '395e2b9674f4f5894483ec827f7d', 'testTask', 'test2', '', '0', null, '5540', '2019-03-07 21:25:37');
INSERT INTO `t_schedule_job_log` VALUES ('799dc00d231406b07ff6687ecffd', '395e2b9674f4f5894483ec827f7d', 'testTask', 'test2', '', '0', null, '3', '2019-03-09 12:07:10');
INSERT INTO `t_schedule_job_log` VALUES ('7cbc3bcbac34efbe28e8ecb535c6', '395e2b9674f4f5894483ec827f7d', 'testTask', 'test2', '', '0', null, '2', '2019-03-08 19:26:35');
INSERT INTO `t_schedule_job_log` VALUES ('7fccc65e31e4ccb1b8095b4ccd96', '395e2b9674f4f5894483ec827f7d', 'testTask', 'test2', '', '0', null, '3', '2019-03-07 21:25:42');
INSERT INTO `t_schedule_job_log` VALUES ('7fd98d501e74008d271f8741c556', '395e2b9674f4f5894483ec827f7d', 'testTask', 'test2', '', '0', null, '1', '2019-03-08 19:22:20');
INSERT INTO `t_schedule_job_log` VALUES ('86b40ba1fb1480bb524e25799b05', '395e2b9674f4f5894483ec827f7d', 'testTask', 'test2', '', '0', null, '3', '2019-03-09 12:08:40');
INSERT INTO `t_schedule_job_log` VALUES ('8a77942c2b448cbaa82cdaab805f', '395e2b9674f4f5894483ec827f7d', 'testTask', 'test2', '', '0', null, '2', '2019-03-08 19:25:35');
INSERT INTO `t_schedule_job_log` VALUES ('8cb3a77014445cb54a4f42407931', '395e2b9674f4f5894483ec827f7d', 'testTask', 'test2', '', '0', null, '31', '2019-03-09 12:09:00');
INSERT INTO `t_schedule_job_log` VALUES ('8d03c603d8b41db6042186c53b13', '395e2b9674f4f5894483ec827f7d', 'testTask', 'test2', '', '0', null, '4', '2019-03-08 19:25:40');
INSERT INTO `t_schedule_job_log` VALUES ('8e719d3b249452876795bf644eb6', '395e2b9674f4f5894483ec827f7d', 'testTask', 'test2', '', '0', null, '2', '2019-03-07 21:25:50');
INSERT INTO `t_schedule_job_log` VALUES ('90b5ae8008b476ad859302095b64', 'e1ce9356cba464bcd658a3d11c0b', 'testTask', 'test', 'fomagic', '0', null, '1056', '2019-03-08 19:19:33');
INSERT INTO `t_schedule_job_log` VALUES ('92bc595f00f47fbf604041b7ea61', '395e2b9674f4f5894483ec827f7d', 'testTask', 'test2', '', '0', null, '2', '2019-03-07 21:44:00');
INSERT INTO `t_schedule_job_log` VALUES ('963fa36813c469ad6b97e299ddbc', '395e2b9674f4f5894483ec827f7d', 'testTask', 'test2', '', '0', null, '2', '2019-03-09 12:09:15');
INSERT INTO `t_schedule_job_log` VALUES ('981683ff8f04a48836b8b29cd628', '395e2b9674f4f5894483ec827f7d', 'testTask', 'test2', '', '0', null, '1', '2019-03-08 19:26:15');
INSERT INTO `t_schedule_job_log` VALUES ('99b53cd71854f1857a9e2d118263', '395e2b9674f4f5894483ec827f7d', 'testTask', 'test2', '', '0', null, '0', '2019-03-08 19:25:30');
INSERT INTO `t_schedule_job_log` VALUES ('9a94777109e4058c59e2529deea5', '395e2b9674f4f5894483ec827f7d', 'testTask', 'test2', '', '0', null, '2', '2019-03-09 12:07:30');
INSERT INTO `t_schedule_job_log` VALUES ('9ca0cf74e1440090b5c0aa73019c', '395e2b9674f4f5894483ec827f7d', 'testTask', 'test2', '', '0', null, '1', '2019-03-09 12:07:45');
INSERT INTO `t_schedule_job_log` VALUES ('a18956abea1416b0fd067ee6fafa', '395e2b9674f4f5894483ec827f7d', 'testTask', 'test2', '', '0', null, '3', '2019-03-08 19:22:10');
INSERT INTO `t_schedule_job_log` VALUES ('a1f6ff4b695423a3f459db2d5b10', '395e2b9674f4f5894483ec827f7d', 'testTask', 'test2', '', '0', null, '3', '2019-03-09 12:07:55');
INSERT INTO `t_schedule_job_log` VALUES ('a309ee9f3514749a31b48ff10611', '395e2b9674f4f5894483ec827f7d', 'testTask', 'test2', '', '0', null, '2', '2019-03-08 19:26:45');
INSERT INTO `t_schedule_job_log` VALUES ('a510d3587ae43eb47922361755a5', '395e2b9674f4f5894483ec827f7d', 'testTask', 'test2', '', '0', null, '213', '2019-03-07 20:18:40');
INSERT INTO `t_schedule_job_log` VALUES ('a832c2b578341a991a2c03f07b33', '395e2b9674f4f5894483ec827f7d', 'testTask', 'test2', '', '0', null, '1', '2019-03-09 12:07:35');
INSERT INTO `t_schedule_job_log` VALUES ('a855151ed5c409ab41a0519088dc', '395e2b9674f4f5894483ec827f7d', 'testTask', 'test2', '', '0', null, '1', '2019-03-09 12:08:45');
INSERT INTO `t_schedule_job_log` VALUES ('a90ede6737a4fd94cf4aaefc1cb8', '395e2b9674f4f5894483ec827f7d', 'testTask', 'test2', '', '0', null, '3', '2019-03-09 12:08:15');
INSERT INTO `t_schedule_job_log` VALUES ('af24ba967d94e4ad12cc7a5e8888', '395e2b9674f4f5894483ec827f7d', 'testTask', 'test2', '', '0', null, '11944', '2019-03-07 21:25:27');
INSERT INTO `t_schedule_job_log` VALUES ('b0381aff3844ee92f73460d586ad', '395e2b9674f4f5894483ec827f7d', 'testTask', 'test2', '', '0', null, '1', '2019-03-08 19:26:10');
INSERT INTO `t_schedule_job_log` VALUES ('b0a2bb2eed74db8646d0b7ed06ae', '395e2b9674f4f5894483ec827f7d', 'testTask', 'test2', '', '0', null, '1', '2019-03-09 12:07:40');
INSERT INTO `t_schedule_job_log` VALUES ('b924153cfca49ab076ae090bf8ea', '395e2b9674f4f5894483ec827f7d', 'testTask', 'test2', '', '0', null, '1', '2019-03-09 12:08:05');
INSERT INTO `t_schedule_job_log` VALUES ('ba6ae143d9044eb6088a7dc656c0', '395e2b9674f4f5894483ec827f7d', 'testTask', 'test2', '', '0', null, '1', '2019-03-09 12:08:50');
INSERT INTO `t_schedule_job_log` VALUES ('bc61867c5ed481882c581fc9c69f', '395e2b9674f4f5894483ec827f7d', 'testTask', 'test2', '', '0', null, '3', '2019-03-08 19:25:20');
INSERT INTO `t_schedule_job_log` VALUES ('c081920a12d49b87ffc2486ba9b9', '395e2b9674f4f5894483ec827f7d', 'testTask', 'test2', '', '0', null, '0', '2019-03-08 19:26:05');
INSERT INTO `t_schedule_job_log` VALUES ('c3d1001256a4109be41f01824913', '395e2b9674f4f5894483ec827f7d', 'testTask', 'test2', '', '0', null, '1', '2019-03-08 19:22:55');
INSERT INTO `t_schedule_job_log` VALUES ('c65f403fd324948b28653b32b580', '395e2b9674f4f5894483ec827f7d', 'testTask', 'test2', '', '0', null, '1', '2019-03-08 19:20:00');
INSERT INTO `t_schedule_job_log` VALUES ('c66984103044e48215d04192ea17', '395e2b9674f4f5894483ec827f7d', 'testTask', 'test2', '', '0', null, '1', '2019-03-09 12:07:15');
INSERT INTO `t_schedule_job_log` VALUES ('c91d1c271cf49481f80f6b89bc43', '395e2b9674f4f5894483ec827f7d', 'testTask', 'test2', '', '0', null, '2', '2019-03-09 12:07:25');
INSERT INTO `t_schedule_job_log` VALUES ('d02fd4d764440687f37d0a2a98c7', '395e2b9674f4f5894483ec827f7d', 'testTask', 'test2', '', '0', null, '1', '2019-03-08 19:26:50');
INSERT INTO `t_schedule_job_log` VALUES ('d1f8702423c4e68ff77ae8c9eebb', '395e2b9674f4f5894483ec827f7d', 'testTask', 'test2', '', '0', null, '2', '2019-03-07 21:25:42');
INSERT INTO `t_schedule_job_log` VALUES ('d25134f71c94dd845ae31d194f80', '395e2b9674f4f5894483ec827f7d', 'testTask', 'test2', '', '0', null, '32', '2019-03-09 12:08:30');
INSERT INTO `t_schedule_job_log` VALUES ('d32e0d20cda45ea95802e13cfa83', '395e2b9674f4f5894483ec827f7d', 'testTask', 'test2', '', '0', null, '1', '2019-03-08 19:19:22');
INSERT INTO `t_schedule_job_log` VALUES ('d52b5a89a2642b895b57b929708a', '395e2b9674f4f5894483ec827f7d', 'testTask', 'test2', '', '0', null, '2', '2019-03-08 19:25:25');
INSERT INTO `t_schedule_job_log` VALUES ('d602c42c226408be1f257d9c9e94', 'e1ce9356cba464bcd658a3d11c0b', 'testTask', 'test', 'fomagic', '0', null, '168278', '2019-03-07 20:18:51');
INSERT INTO `t_schedule_job_log` VALUES ('e442225465e419b754fcd60f2a5a', '395e2b9674f4f5894483ec827f7d', 'testTask', 'test2', '', '0', null, '2', '2019-03-08 19:22:15');
INSERT INTO `t_schedule_job_log` VALUES ('e745dec9dd5456b74f864d59a5b9', '395e2b9674f4f5894483ec827f7d', 'testTask', 'test2', '', '0', null, '1', '2019-03-08 19:25:50');
INSERT INTO `t_schedule_job_log` VALUES ('f0e5c6dbf8a4bcb628504352f6b9', '395e2b9674f4f5894483ec827f7d', 'testTask', 'test2', '', '0', null, '2', '2019-03-08 19:16:51');
INSERT INTO `t_schedule_job_log` VALUES ('f2868253e5f489812bf5e978acaa', '395e2b9674f4f5894483ec827f7d', 'testTask', 'test2', '', '0', null, '2', '2019-03-09 12:08:55');
INSERT INTO `t_schedule_job_log` VALUES ('f4d756ffcd648e97a556fd96c7b0', '395e2b9674f4f5894483ec827f7d', 'testTask', 'test2', '', '0', null, '1', '2019-03-08 19:26:40');
INSERT INTO `t_schedule_job_log` VALUES ('f85f72ce5fe4d9ba630164c8d411', '395e2b9674f4f5894483ec827f7d', 'testTask', 'test2', '', '0', null, '2', '2019-03-07 21:40:30');
INSERT INTO `t_schedule_job_log` VALUES ('fac3aad010442c9ba1296ec45f07', '395e2b9674f4f5894483ec827f7d', 'testTask', 'test2', '', '0', null, '3', '2019-03-09 12:09:05');
INSERT INTO `t_schedule_job_log` VALUES ('fb2d65a6944421878d0eeee51f8b', '395e2b9674f4f5894483ec827f7d', 'testTask', 'test2', '', '0', null, '3', '2019-03-07 21:41:00');
INSERT INTO `t_schedule_job_log` VALUES ('fc1abad78a4444806166d1c9db1c', '395e2b9674f4f5894483ec827f7d', 'testTask', 'test2', '', '0', null, '1', '2019-03-09 12:07:20');
INSERT INTO `t_schedule_job_log` VALUES ('fe20acfaee74deb166f3fc662c2a', '395e2b9674f4f5894483ec827f7d', 'testTask', 'test2', '', '0', null, '1', '2019-03-08 19:22:40');
INSERT INTO `t_schedule_job_log` VALUES ('fece1f7bc9b4c59ce6de47bd33e4', '395e2b9674f4f5894483ec827f7d', 'testTask', 'test2', '', '0', null, '2', '2019-03-09 12:09:10');

-- ----------------------------
-- Table structure for t_sys_log
-- ----------------------------
DROP TABLE IF EXISTS `t_sys_log`;
CREATE TABLE `t_sys_log` (
  `LOG_ID` varchar(50) NOT NULL COMMENT '行ID',
  `C_USR_NAME` varchar(50) DEFAULT NULL COMMENT '用户名',
  `C_USR_OPERATION` varchar(255) DEFAULT NULL COMMENT '用户操作',
  `METHOD_NAME` varchar(255) DEFAULT NULL COMMENT '请求方法',
  `THE_PARAMS` varchar(5000) DEFAULT NULL COMMENT '请求参数',
  `THE_TIMES` int(11) NOT NULL COMMENT '执行时长(毫秒)',
  `THE_IP` varchar(100) DEFAULT NULL COMMENT 'IP地址',
  `CREATE_USER` varchar(50) DEFAULT NULL COMMENT '创建人',
  `CREATE_TIME` datetime DEFAULT NULL COMMENT '创建时间',
  `UPDATE_USER` varchar(50) DEFAULT NULL COMMENT '修改人',
  `UPDATE_TIME` datetime DEFAULT NULL COMMENT '修改的当前时间',
  PRIMARY KEY (`LOG_ID`)
) ENGINE=InnoDB DEFAULT CHARSET=utf8 COMMENT='系统日志表';

-- ----------------------------
-- Records of t_sys_log
-- ----------------------------
INSERT INTO `t_sys_log` VALUES ('21d4d5f67474188d2e2d316d9472', 'admin', '删除菜单', 'com.beisi.module.sys.controller.SysMenuController.deleteMenu()', '\"49526e4c8f24959b811c55ce8673\"', '29', '0:0:0:0:0:0:0:1', '1', '2019-03-12 15:47:19', null, null);
INSERT INTO `t_sys_log` VALUES ('22a999fa1574ddb5990fa5d04a14', 'admin', '用户成功登录', 'com.beisi.module.sys.controller.SysLoginController.sysIndex()', '{\"menuList\":[{\"createTime\":1550564563000,\"createUser\":\"1\",\"menuIcon\":\"fa fa-cog\",\"menuId\":1,\"menuName\":\"系统管理\",\"menuPerms\":\"\",\"menuType\":0,\"menuUrl\":\"\",\"orderNum\":0,\"parentId\":0,\"permissionsId\":\"0945427879a648a291c4a941ac36495d\",\"subList\":[{\"createTime\":1550564563000,\"createUser\":\"1\",\"menuIcon\":\"fa fa-user\",\"menuId\":2,\"menuName\":\"管理员列表\",\"menuPerms\":\"\",\"menuType\":1,\"menuUrl\":\"sys/user\",\"orderNum\":1,\"parentId\":1,\"permissionsId\":\"4cd6804bce394f9c8f9cba84e4d8af19\"},{\"createTime\":1550564563000,\"createUser\":\"1\",\"menuIcon\":\"fa fa-user-secret\",\"menuId\":3,\"menuName\":\"角色管理\",\"menuPerms\":\"\",\"menuType\":1,\"menuUrl\":\"sys/role\",\"orderNum\":2,\"parentId\":1,\"permissionsId\":\"cb7b9563748446cfa6c7a73a62403449\"},{\"createTime\":1550564563000,\"createUser\":\"1\",\"menuIcon\":\"fa fa-th-list\",\"menuId\":4,\"menuName\":\"菜单管理\",\"menuPerms\":\"\",\"menuType\":1,\"menuUrl\":\"sys/menu\",\"orderNum\":3,\"parentId\":1,\"permissionsId\":\"167a4f87b40e4b7c9239c814cf5e90d1\"},{\"createTime\":1550564563000,\"createUser\":\"1\",\"menuIcon\":\"fa fa-bug\",\"menuId\":5,\"menuName\":\"SQL监控\",\"menuPerms\":\"\",\"menuType\":1,\"menuUrl\":\"druid/sql.html\",\"orderNum\":4,\"parentId\":1,\"permissionsId\":\"dfb5a567c84949ada425d7a0b672b4a2\"},{\"createTime\":1550564563000,\"createUser\":\"1\",\"menuIcon\":\"fa fa-tasks\",\"menuId\":6,\"menuName\":\"定时任务\",\"menuPerms\":\"\",\"menuType\":1,\"menuUrl\":\"sys/schedule\",\"orderNum\":5,\"parentId\":1,\"permissionsId\":\"a979b75f506146d8a7831dc559d4baa5\"},{\"createTime\":1550564563000,\"createUser\":\"1\",\"menuIcon\":\"fa fa-file-image-o\",\"menuId\":29,\"menuName\":\"文件上传\",\"menuPerms\":\"sys:oss:all\",\"menuType\":1,\"menuUrl\":\"sys/oss\",\"orderNum\":6,\"parentId\":1,\"permissionsId\":\"d5f15634efb24f36a57a853edbe462f4\"},{\"createTime\":1550564563000,\"createUser\":\"1\",\"menuIcon\":\"fa fa-sun-o\",\"menuId\":27,\"menuName\":\"参数管理\",\"menuPerms\":\"sys:config:list,sys:config:info,sys:config:save,sys:config:update,sys:config:delete\",\"menuType\":1,\"menuUrl\":\"sys/config\",\"orderNum\":6,\"parentId\":1,\"permissionsId\":\"dc29800c9d7a4259b90b114b795782c4\"},{\"createTime\":1550564563000,\"createUser\":\"1\",\"menuIcon\":\"fa fa-file-text-o\",\"menuId\":28,\"menuName\":\"系统日志\",\"menuPerms\":\"sys:log:list\",\"menuType\":1,\"menuUrl\":\"sys/log\",\"orderNum\":7,\"parentId\":1,\"permissionsId\":\"c318fc6c945f472f92cd76c6aedae38a\"}]},{\"createTime\":1551360658000,\"createUser\":\"1\",\"menuIcon\":\"fa fa-th-list\",\"menuId\":30,\"menuName\":\"商品管理\",\"menuPerms\":\"\",\"menuType\":0,\"menuUrl\":\"\",\"orderNum\":1,\"parentId\":0,\"permissionsId\":\"3168a03dcadb40de9608d6ca5f3d1caa\",\"subList\":[{\"createTime\":1551420216000,\"createUser\":\"1\",\"menuIcon\":\"fa fa-th-list\",\"menuId\":31,\"menuName\":\"日用百货\",\"menuPerms\":\"\",\"menuType\":1,\"menuUrl\":\"/s/s\",\"orderNum\":1,\"parentId\":30,\"permissionsId\":\"49526e4c8f24959b811c55ce8673\"}]}],\"sysUser\":{\"cUsrEmail\":\"pop@163.com\",\"cUsrId\":\"1\",\"cUsrName\":\"admin\",\"cUsrPassword\":\"6127d5ef08ce6ec13c780fa2063cff79\",\"cUsrPhone\":\"13333333333\",\"cUsrRealName\":\"管理员\",\"cUsrStatus\":1,\"createTime\":1550541986000,\"createUser\":\"1\",\"lastLoginTime\":1551765343394,\"updateTime\":1551693382000,\"updateUser\":\"1\"}}', '34', '0:0:0:0:0:0:0:1', '1', '2019-03-05 13:55:44', null, null);
INSERT INTO `t_sys_log` VALUES ('314f710f7904c6be6108973f3869', 'admin', '用户成功登录', 'com.beisi.module.sys.controller.SysLoginController.sysIndex()', '{\"menuList\":[{\"createTime\":1550564563000,\"createUser\":\"1\",\"menuIcon\":\"fa fa-cog\",\"menuId\":1,\"menuName\":\"系统管理\",\"menuPerms\":\"\",\"menuType\":0,\"menuUrl\":\"\",\"orderNum\":0,\"parentId\":0,\"permissionsId\":\"0945427879a648a291c4a941ac36495d\",\"subList\":[{\"createTime\":1550564563000,\"createUser\":\"1\",\"menuIcon\":\"fa fa-user\",\"menuId\":2,\"menuName\":\"管理员列表\",\"menuPerms\":\"\",\"menuType\":1,\"menuUrl\":\"sys/user\",\"orderNum\":1,\"parentId\":1,\"permissionsId\":\"4cd6804bce394f9c8f9cba84e4d8af19\"},{\"createTime\":1550564563000,\"createUser\":\"1\",\"menuIcon\":\"fa fa-user-secret\",\"menuId\":3,\"menuName\":\"角色管理\",\"menuPerms\":\"\",\"menuType\":1,\"menuUrl\":\"sys/role\",\"orderNum\":2,\"parentId\":1,\"permissionsId\":\"cb7b9563748446cfa6c7a73a62403449\"},{\"createTime\":1550564563000,\"createUser\":\"1\",\"menuIcon\":\"fa fa-th-list\",\"menuId\":4,\"menuName\":\"菜单管理\",\"menuPerms\":\"\",\"menuType\":1,\"menuUrl\":\"sys/menu\",\"orderNum\":3,\"parentId\":1,\"permissionsId\":\"167a4f87b40e4b7c9239c814cf5e90d1\"},{\"createTime\":1550564563000,\"createUser\":\"1\",\"menuIcon\":\"fa fa-bug\",\"menuId\":5,\"menuName\":\"SQL监控\",\"menuPerms\":\"\",\"menuType\":1,\"menuUrl\":\"druid/sql.html\",\"orderNum\":4,\"parentId\":1,\"permissionsId\":\"dfb5a567c84949ada425d7a0b672b4a2\"},{\"createTime\":1550564563000,\"createUser\":\"1\",\"menuIcon\":\"fa fa-tasks\",\"menuId\":6,\"menuName\":\"定时任务\",\"menuPerms\":\"\",\"menuType\":1,\"menuUrl\":\"sys/schedule\",\"orderNum\":5,\"parentId\":1,\"permissionsId\":\"a979b75f506146d8a7831dc559d4baa5\"},{\"createTime\":1550564563000,\"createUser\":\"1\",\"menuIcon\":\"fa fa-file-image-o\",\"menuId\":29,\"menuName\":\"文件上传\",\"menuPerms\":\"sys:oss:all\",\"menuType\":1,\"menuUrl\":\"sys/oss\",\"orderNum\":6,\"parentId\":1,\"permissionsId\":\"d5f15634efb24f36a57a853edbe462f4\"},{\"createTime\":1550564563000,\"createUser\":\"1\",\"menuIcon\":\"fa fa-sun-o\",\"menuId\":27,\"menuName\":\"参数管理\",\"menuPerms\":\"sys:config:list,sys:config:info,sys:config:save,sys:config:update,sys:config:delete\",\"menuType\":1,\"menuUrl\":\"sys/config\",\"orderNum\":6,\"parentId\":1,\"permissionsId\":\"dc29800c9d7a4259b90b114b795782c4\"},{\"createTime\":1550564563000,\"createUser\":\"1\",\"menuIcon\":\"fa fa-file-text-o\",\"menuId\":28,\"menuName\":\"系统日志\",\"menuPerms\":\"sys:log:list\",\"menuType\":1,\"menuUrl\":\"sys/log\",\"orderNum\":7,\"parentId\":1,\"permissionsId\":\"c318fc6c945f472f92cd76c6aedae38a\"}]},{\"createTime\":1551360658000,\"createUser\":\"1\",\"menuIcon\":\"fa fa-th-list\",\"menuId\":30,\"menuName\":\"商品管理\",\"menuPerms\":\"\",\"menuType\":0,\"menuUrl\":\"\",\"orderNum\":1,\"parentId\":0,\"permissionsId\":\"3168a03dcadb40de9608d6ca5f3d1caa\",\"subList\":[{\"createTime\":1551420216000,\"createUser\":\"1\",\"menuIcon\":\"fa fa-th-list\",\"menuId\":31,\"menuName\":\"日用百货\",\"menuPerms\":\"\",\"menuType\":1,\"menuUrl\":\"/s/s\",\"orderNum\":1,\"parentId\":30,\"permissionsId\":\"49526e4c8f24959b811c55ce8673\"}]}],\"sysUser\":{\"cUsrEmail\":\"pop@163.com\",\"cUsrId\":\"1\",\"cUsrName\":\"admin\",\"cUsrPassword\":\"6127d5ef08ce6ec13c780fa2063cff79\",\"cUsrPhone\":\"13333333333\",\"cUsrRealName\":\"管理员\",\"cUsrStatus\":1,\"createTime\":1550541986000,\"createUser\":\"1\",\"lastLoginTime\":1551763847159,\"updateTime\":1551693382000,\"updateUser\":\"1\"}}', '15', '192.168.100.8', '1', '2019-03-05 13:30:47', null, null);
INSERT INTO `t_sys_log` VALUES ('3620a3dc57543690ee16cf6a0350', 'admin', '删除菜单', 'com.beisi.module.sys.controller.SysMenuController.deleteMenu()', '\"3168a03dcadb40de9608d6ca5f3d1caa\"', '21', '0:0:0:0:0:0:0:1', '1', '2019-03-12 15:47:23', null, null);
INSERT INTO `t_sys_log` VALUES ('3bb154d82a3487b6a37f7dbe5ff1', 'admin', '用户成功登录', 'com.beisi.module.sys.controller.SysLoginController.sysIndex()', '{\"menuList\":[{\"createTime\":1550564563000,\"createUser\":\"1\",\"menuIcon\":\"fa fa-cog\",\"menuId\":1,\"menuName\":\"系统管理\",\"menuPerms\":\"\",\"menuType\":0,\"menuUrl\":\"\",\"orderNum\":0,\"parentId\":0,\"permissionsId\":\"0945427879a648a291c4a941ac36495d\",\"subList\":[{\"createTime\":1550564563000,\"createUser\":\"1\",\"menuIcon\":\"fa fa-user\",\"menuId\":2,\"menuName\":\"管理员列表\",\"menuPerms\":\"\",\"menuType\":1,\"menuUrl\":\"sys/user\",\"orderNum\":1,\"parentId\":1,\"permissionsId\":\"4cd6804bce394f9c8f9cba84e4d8af19\"},{\"createTime\":1550564563000,\"createUser\":\"1\",\"menuIcon\":\"fa fa-user-secret\",\"menuId\":3,\"menuName\":\"角色管理\",\"menuPerms\":\"\",\"menuType\":1,\"menuUrl\":\"sys/role\",\"orderNum\":2,\"parentId\":1,\"permissionsId\":\"cb7b9563748446cfa6c7a73a62403449\"},{\"createTime\":1550564563000,\"createUser\":\"1\",\"menuIcon\":\"fa fa-th-list\",\"menuId\":4,\"menuName\":\"菜单管理\",\"menuPerms\":\"\",\"menuType\":1,\"menuUrl\":\"sys/menu\",\"orderNum\":3,\"parentId\":1,\"permissionsId\":\"167a4f87b40e4b7c9239c814cf5e90d1\"},{\"createTime\":1550564563000,\"createUser\":\"1\",\"menuIcon\":\"fa fa-bug\",\"menuId\":5,\"menuName\":\"SQL监控\",\"menuPerms\":\"\",\"menuType\":1,\"menuUrl\":\"druid/sql.html\",\"orderNum\":4,\"parentId\":1,\"permissionsId\":\"dfb5a567c84949ada425d7a0b672b4a2\"},{\"createTime\":1550564563000,\"createUser\":\"1\",\"menuIcon\":\"fa fa-tasks\",\"menuId\":6,\"menuName\":\"定时任务\",\"menuPerms\":\"\",\"menuType\":1,\"menuUrl\":\"sys/schedule\",\"orderNum\":5,\"parentId\":1,\"permissionsId\":\"a979b75f506146d8a7831dc559d4baa5\"},{\"createTime\":1550564563000,\"createUser\":\"1\",\"menuIcon\":\"fa fa-file-image-o\",\"menuId\":29,\"menuName\":\"文件上传\",\"menuPerms\":\"sys:oss:all\",\"menuType\":1,\"menuUrl\":\"sys/oss\",\"orderNum\":6,\"parentId\":1,\"permissionsId\":\"d5f15634efb24f36a57a853edbe462f4\"},{\"createTime\":1550564563000,\"createUser\":\"1\",\"menuIcon\":\"fa fa-sun-o\",\"menuId\":27,\"menuName\":\"参数管理\",\"menuPerms\":\"sys:config:list,sys:config:info,sys:config:save,sys:config:update,sys:config:delete\",\"menuType\":1,\"menuUrl\":\"sys/config\",\"orderNum\":6,\"parentId\":1,\"permissionsId\":\"dc29800c9d7a4259b90b114b795782c4\"},{\"createTime\":1550564563000,\"createUser\":\"1\",\"menuIcon\":\"fa fa-file-text-o\",\"menuId\":28,\"menuName\":\"系统日志\",\"menuPerms\":\"sys:log:list\",\"menuType\":1,\"menuUrl\":\"sys/log\",\"orderNum\":7,\"parentId\":1,\"permissionsId\":\"c318fc6c945f472f92cd76c6aedae38a\"}]},{\"createTime\":1551360658000,\"createUser\":\"1\",\"menuIcon\":\"fa fa-th-list\",\"menuId\":30,\"menuName\":\"商品管理\",\"menuPerms\":\"\",\"menuType\":0,\"menuUrl\":\"\",\"orderNum\":1,\"parentId\":0,\"permissionsId\":\"3168a03dcadb40de9608d6ca5f3d1caa\",\"subList\":[{\"createTime\":1551420216000,\"createUser\":\"1\",\"menuIcon\":\"fa fa-th-list\",\"menuId\":31,\"menuName\":\"日用百货\",\"menuPerms\":\"\",\"menuType\":1,\"menuUrl\":\"/s/s\",\"orderNum\":1,\"parentId\":30,\"permissionsId\":\"49526e4c8f24959b811c55ce8673\"}]}],\"sysUser\":{\"cUsrEmail\":\"pop@163.com\",\"cUsrId\":\"1\",\"cUsrName\":\"admin\",\"cUsrPassword\":\"6127d5ef08ce6ec13c780fa2063cff79\",\"cUsrPhone\":\"13333333333\",\"cUsrRealName\":\"管理员\",\"cUsrStatus\":1,\"createTime\":1550541986000,\"createUser\":\"1\",\"lastLoginTime\":1551786219428,\"updateTime\":1551693382000,\"updateUser\":\"1\"}}', '29', '0:0:0:0:0:0:0:1', '1', '2019-03-05 19:43:40', null, null);
INSERT INTO `t_sys_log` VALUES ('428da46659c45a8f6e89cd998227', 'admin', '用户成功登录', 'com.beisi.module.sys.controller.SysLoginController.sysIndex()', '{\"menuList\":[{\"createTime\":1550564563000,\"createUser\":\"1\",\"menuIcon\":\"fa fa-cog\",\"menuId\":1,\"menuName\":\"系统管理\",\"menuPerms\":\"\",\"menuType\":0,\"menuUrl\":\"\",\"orderNum\":0,\"parentId\":0,\"permissionsId\":\"0945427879a648a291c4a941ac36495d\",\"subList\":[{\"createTime\":1550564563000,\"createUser\":\"1\",\"menuIcon\":\"fa fa-user\",\"menuId\":2,\"menuName\":\"管理员列表\",\"menuPerms\":\"\",\"menuType\":1,\"menuUrl\":\"sys/user\",\"orderNum\":1,\"parentId\":1,\"permissionsId\":\"4cd6804bce394f9c8f9cba84e4d8af19\"},{\"createTime\":1550564563000,\"createUser\":\"1\",\"menuIcon\":\"fa fa-user-secret\",\"menuId\":3,\"menuName\":\"角色管理\",\"menuPerms\":\"\",\"menuType\":1,\"menuUrl\":\"sys/role\",\"orderNum\":2,\"parentId\":1,\"permissionsId\":\"cb7b9563748446cfa6c7a73a62403449\"},{\"createTime\":1550564563000,\"createUser\":\"1\",\"menuIcon\":\"fa fa-th-list\",\"menuId\":4,\"menuName\":\"菜单管理\",\"menuPerms\":\"\",\"menuType\":1,\"menuUrl\":\"sys/menu\",\"orderNum\":3,\"parentId\":1,\"permissionsId\":\"167a4f87b40e4b7c9239c814cf5e90d1\"},{\"createTime\":1550564563000,\"createUser\":\"1\",\"menuIcon\":\"fa fa-bug\",\"menuId\":5,\"menuName\":\"SQL监控\",\"menuPerms\":\"\",\"menuType\":1,\"menuUrl\":\"druid/sql.html\",\"orderNum\":4,\"parentId\":1,\"permissionsId\":\"dfb5a567c84949ada425d7a0b672b4a2\"},{\"createTime\":1550564563000,\"createUser\":\"1\",\"menuIcon\":\"fa fa-tasks\",\"menuId\":6,\"menuName\":\"定时任务\",\"menuPerms\":\"\",\"menuType\":1,\"menuUrl\":\"sys/schedule\",\"orderNum\":5,\"parentId\":1,\"permissionsId\":\"a979b75f506146d8a7831dc559d4baa5\"},{\"createTime\":1550564563000,\"createUser\":\"1\",\"menuIcon\":\"fa fa-file-image-o\",\"menuId\":29,\"menuName\":\"文件上传\",\"menuPerms\":\"sys:oss:all\",\"menuType\":1,\"menuUrl\":\"sys/oss\",\"orderNum\":6,\"parentId\":1,\"permissionsId\":\"d5f15634efb24f36a57a853edbe462f4\"},{\"createTime\":1550564563000,\"createUser\":\"1\",\"menuIcon\":\"fa fa-sun-o\",\"menuId\":27,\"menuName\":\"参数管理\",\"menuPerms\":\"sys:config:list,sys:config:info,sys:config:save,sys:config:update,sys:config:delete\",\"menuType\":1,\"menuUrl\":\"sys/config\",\"orderNum\":6,\"parentId\":1,\"permissionsId\":\"dc29800c9d7a4259b90b114b795782c4\"},{\"createTime\":1550564563000,\"createUser\":\"1\",\"menuIcon\":\"fa fa-file-text-o\",\"menuId\":28,\"menuName\":\"系统日志\",\"menuPerms\":\"sys:log:list\",\"menuType\":1,\"menuUrl\":\"sys/log\",\"orderNum\":7,\"parentId\":1,\"permissionsId\":\"c318fc6c945f472f92cd76c6aedae38a\"}]},{\"createTime\":1551360658000,\"createUser\":\"1\",\"menuIcon\":\"fa fa-th-list\",\"menuId\":30,\"menuName\":\"商品管理\",\"menuPerms\":\"\",\"menuType\":0,\"menuUrl\":\"\",\"orderNum\":1,\"parentId\":0,\"permissionsId\":\"3168a03dcadb40de9608d6ca5f3d1caa\",\"subList\":[{\"createTime\":1551420216000,\"createUser\":\"1\",\"menuIcon\":\"fa fa-th-list\",\"menuId\":31,\"menuName\":\"日用百货\",\"menuPerms\":\"\",\"menuType\":1,\"menuUrl\":\"/s/s\",\"orderNum\":1,\"parentId\":30,\"permissionsId\":\"49526e4c8f24959b811c55ce8673\"}]}],\"sysUser\":{\"cUsrEmail\":\"pop@163.com\",\"cUsrId\":\"1\",\"cUsrName\":\"admin\",\"cUsrPassword\":\"6127d5ef08ce6ec13c780fa2063cff79\",\"cUsrPhone\":\"13333333333\",\"cUsrRealName\":\"管理员\",\"cUsrStatus\":1,\"createTime\":1550541986000,\"createUser\":\"1\",\"lastLoginTime\":1551763187938,\"updateTime\":1551693382000,\"updateUser\":\"1\"}}', '20', '0:0:0:0:0:0:0:1', '1', '2019-03-05 13:19:48', null, null);
INSERT INTO `t_sys_log` VALUES ('4cf785b0b8041480c586d9e63e9f', 'admin', '删除菜单', 'com.beisi.module.sys.controller.SysMenuController.deleteMenu()', '\"d175c9de2c743c8492369a1cc6eb\"', '26', '0:0:0:0:0:0:0:1', '1', '2019-03-12 15:47:03', null, null);
INSERT INTO `t_sys_log` VALUES ('4d4dfca37b24f5884889ef8ae239', 'admin', '用户成功登录', 'com.beisi.module.sys.controller.SysLoginController.sysIndex()', '{\"menuList\":[{\"createTime\":1550564563000,\"createUser\":\"1\",\"menuIcon\":\"fa fa-cog\",\"menuId\":1,\"menuName\":\"系统管理\",\"menuPerms\":\"\",\"menuType\":0,\"menuUrl\":\"\",\"orderNum\":0,\"parentId\":0,\"permissionsId\":\"0945427879a648a291c4a941ac36495d\",\"subList\":[{\"createTime\":1550564563000,\"createUser\":\"1\",\"menuIcon\":\"fa fa-user\",\"menuId\":2,\"menuName\":\"管理员列表\",\"menuPerms\":\"\",\"menuType\":1,\"menuUrl\":\"sys/user\",\"orderNum\":1,\"parentId\":1,\"permissionsId\":\"4cd6804bce394f9c8f9cba84e4d8af19\"},{\"createTime\":1550564563000,\"createUser\":\"1\",\"menuIcon\":\"fa fa-user-secret\",\"menuId\":3,\"menuName\":\"角色管理\",\"menuPerms\":\"\",\"menuType\":1,\"menuUrl\":\"sys/role\",\"orderNum\":2,\"parentId\":1,\"permissionsId\":\"cb7b9563748446cfa6c7a73a62403449\"},{\"createTime\":1550564563000,\"createUser\":\"1\",\"menuIcon\":\"fa fa-th-list\",\"menuId\":4,\"menuName\":\"菜单管理\",\"menuPerms\":\"\",\"menuType\":1,\"menuUrl\":\"sys/menu\",\"orderNum\":3,\"parentId\":1,\"permissionsId\":\"167a4f87b40e4b7c9239c814cf5e90d1\"},{\"createTime\":1550564563000,\"createUser\":\"1\",\"menuIcon\":\"fa fa-bug\",\"menuId\":5,\"menuName\":\"SQL监控\",\"menuPerms\":\"\",\"menuType\":1,\"menuUrl\":\"druid/sql.html\",\"orderNum\":4,\"parentId\":1,\"permissionsId\":\"dfb5a567c84949ada425d7a0b672b4a2\"},{\"createTime\":1550564563000,\"createUser\":\"1\",\"menuIcon\":\"fa fa-tasks\",\"menuId\":6,\"menuName\":\"定时任务\",\"menuPerms\":\"\",\"menuType\":1,\"menuUrl\":\"sys/schedule\",\"orderNum\":5,\"parentId\":1,\"permissionsId\":\"a979b75f506146d8a7831dc559d4baa5\"},{\"createTime\":1550564563000,\"createUser\":\"1\",\"menuIcon\":\"fa fa-file-image-o\",\"menuId\":29,\"menuName\":\"文件上传\",\"menuPerms\":\"sys:oss:all\",\"menuType\":1,\"menuUrl\":\"sys/oss\",\"orderNum\":6,\"parentId\":1,\"permissionsId\":\"d5f15634efb24f36a57a853edbe462f4\"},{\"createTime\":1550564563000,\"createUser\":\"1\",\"menuIcon\":\"fa fa-sun-o\",\"menuId\":27,\"menuName\":\"参数管理\",\"menuPerms\":\"sys:config:list,sys:config:info,sys:config:save,sys:config:update,sys:config:delete\",\"menuType\":1,\"menuUrl\":\"sys/config\",\"orderNum\":6,\"parentId\":1,\"permissionsId\":\"dc29800c9d7a4259b90b114b795782c4\"},{\"createTime\":1550564563000,\"createUser\":\"1\",\"menuIcon\":\"fa fa-file-text-o\",\"menuId\":28,\"menuName\":\"系统日志\",\"menuPerms\":\"sys:log:list\",\"menuType\":1,\"menuUrl\":\"sys/log\",\"orderNum\":7,\"parentId\":1,\"permissionsId\":\"c318fc6c945f472f92cd76c6aedae38a\"}]},{\"createTime\":1551360658000,\"createUser\":\"1\",\"menuIcon\":\"fa fa-th-list\",\"menuId\":30,\"menuName\":\"商品管理\",\"menuPerms\":\"\",\"menuType\":0,\"menuUrl\":\"\",\"orderNum\":1,\"parentId\":0,\"permissionsId\":\"3168a03dcadb40de9608d6ca5f3d1caa\",\"subList\":[{\"createTime\":1551420216000,\"createUser\":\"1\",\"menuIcon\":\"fa fa-th-list\",\"menuId\":31,\"menuName\":\"日用百货\",\"menuPerms\":\"\",\"menuType\":1,\"menuUrl\":\"/s/s\",\"orderNum\":1,\"parentId\":30,\"permissionsId\":\"49526e4c8f24959b811c55ce8673\"}]}],\"sysUser\":{\"cUsrEmail\":\"pop@163.com\",\"cUsrId\":\"1\",\"cUsrName\":\"admin\",\"cUsrPassword\":\"6127d5ef08ce6ec13c780fa2063cff79\",\"cUsrPhone\":\"13333333333\",\"cUsrRealName\":\"管理员\",\"cUsrStatus\":1,\"createTime\":1550541986000,\"createUser\":\"1\",\"lastLoginTime\":1551763535985,\"updateTime\":1551693382000,\"updateUser\":\"1\"}}', '10', '0:0:0:0:0:0:0:1', '1', '2019-03-05 13:31:13', null, null);
INSERT INTO `t_sys_log` VALUES ('7611906a18f4b0abeccbd4d7564b', 'admin', '用户成功登录', 'com.beisi.module.sys.controller.SysLoginController.sysIndex()', '{\"menuList\":[{\"createTime\":1550564563000,\"createUser\":\"1\",\"menuIcon\":\"fa fa-cog\",\"menuId\":1,\"menuName\":\"系统管理\",\"menuPerms\":\"\",\"menuType\":0,\"menuUrl\":\"\",\"orderNum\":0,\"parentId\":0,\"permissionsId\":\"0945427879a648a291c4a941ac36495d\",\"subList\":[{\"createTime\":1550564563000,\"createUser\":\"1\",\"menuIcon\":\"fa fa-user\",\"menuId\":2,\"menuName\":\"管理员列表\",\"menuPerms\":\"\",\"menuType\":1,\"menuUrl\":\"sys/user\",\"orderNum\":1,\"parentId\":1,\"permissionsId\":\"4cd6804bce394f9c8f9cba84e4d8af19\"},{\"createTime\":1550564563000,\"createUser\":\"1\",\"menuIcon\":\"fa fa-user-secret\",\"menuId\":3,\"menuName\":\"角色管理\",\"menuPerms\":\"\",\"menuType\":1,\"menuUrl\":\"sys/role\",\"orderNum\":2,\"parentId\":1,\"permissionsId\":\"cb7b9563748446cfa6c7a73a62403449\"},{\"createTime\":1550564563000,\"createUser\":\"1\",\"menuIcon\":\"fa fa-th-list\",\"menuId\":4,\"menuName\":\"菜单管理\",\"menuPerms\":\"\",\"menuType\":1,\"menuUrl\":\"sys/menu\",\"orderNum\":3,\"parentId\":1,\"permissionsId\":\"167a4f87b40e4b7c9239c814cf5e90d1\"},{\"createTime\":1550564563000,\"createUser\":\"1\",\"menuIcon\":\"fa fa-bug\",\"menuId\":5,\"menuName\":\"SQL监控\",\"menuPerms\":\"\",\"menuType\":1,\"menuUrl\":\"druid/sql.html\",\"orderNum\":4,\"parentId\":1,\"permissionsId\":\"dfb5a567c84949ada425d7a0b672b4a2\"},{\"createTime\":1550564563000,\"createUser\":\"1\",\"menuIcon\":\"fa fa-tasks\",\"menuId\":6,\"menuName\":\"定时任务\",\"menuPerms\":\"\",\"menuType\":1,\"menuUrl\":\"sys/schedule\",\"orderNum\":5,\"parentId\":1,\"permissionsId\":\"a979b75f506146d8a7831dc559d4baa5\"},{\"createTime\":1550564563000,\"createUser\":\"1\",\"menuIcon\":\"fa fa-file-image-o\",\"menuId\":29,\"menuName\":\"文件上传\",\"menuPerms\":\"sys:oss:all\",\"menuType\":1,\"menuUrl\":\"sys/oss\",\"orderNum\":6,\"parentId\":1,\"permissionsId\":\"d5f15634efb24f36a57a853edbe462f4\"},{\"createTime\":1550564563000,\"createUser\":\"1\",\"menuIcon\":\"fa fa-sun-o\",\"menuId\":27,\"menuName\":\"参数管理\",\"menuPerms\":\"sys:config:list,sys:config:info,sys:config:save,sys:config:update,sys:config:delete\",\"menuType\":1,\"menuUrl\":\"sys/config\",\"orderNum\":6,\"parentId\":1,\"permissionsId\":\"dc29800c9d7a4259b90b114b795782c4\"},{\"createTime\":1550564563000,\"createUser\":\"1\",\"menuIcon\":\"fa fa-file-text-o\",\"menuId\":28,\"menuName\":\"系统日志\",\"menuPerms\":\"sys:log:list\",\"menuType\":1,\"menuUrl\":\"sys/log\",\"orderNum\":7,\"parentId\":1,\"permissionsId\":\"c318fc6c945f472f92cd76c6aedae38a\"}]},{\"createTime\":1551360658000,\"createUser\":\"1\",\"menuIcon\":\"fa fa-th-list\",\"menuId\":30,\"menuName\":\"商品管理\",\"menuPerms\":\"\",\"menuType\":0,\"menuUrl\":\"\",\"orderNum\":1,\"parentId\":0,\"permissionsId\":\"3168a03dcadb40de9608d6ca5f3d1caa\",\"subList\":[{\"createTime\":1551420216000,\"createUser\":\"1\",\"menuIcon\":\"fa fa-th-list\",\"menuId\":31,\"menuName\":\"日用百货\",\"menuPerms\":\"\",\"menuType\":1,\"menuUrl\":\"/s/s\",\"orderNum\":1,\"parentId\":30,\"permissionsId\":\"49526e4c8f24959b811c55ce8673\"}]}],\"sysUser\":{\"cUsrEmail\":\"pop@163.com\",\"cUsrId\":\"1\",\"cUsrName\":\"admin\",\"cUsrPassword\":\"6127d5ef08ce6ec13c780fa2063cff79\",\"cUsrPhone\":\"13333333333\",\"cUsrRealName\":\"管理员\",\"cUsrStatus\":1,\"createTime\":1550541986000,\"createUser\":\"1\",\"lastLoginTime\":1551764905079,\"updateTime\":1551693382000,\"updateUser\":\"1\"}}', '56', '0:0:0:0:0:0:0:1', '1', '2019-03-05 13:48:26', null, null);
INSERT INTO `t_sys_log` VALUES ('78af15f27084b589f911773fd04c', 'admin', '用户成功登录', 'com.beisi.module.sys.controller.SysLoginController.sysIndex()', '{\"menuList\":[{\"createTime\":1550564563000,\"createUser\":\"1\",\"menuIcon\":\"fa fa-cog\",\"menuId\":1,\"menuName\":\"系统管理\",\"menuPerms\":\"\",\"menuType\":0,\"menuUrl\":\"\",\"orderNum\":0,\"parentId\":0,\"permissionsId\":\"0945427879a648a291c4a941ac36495d\",\"subList\":[{\"createTime\":1550564563000,\"createUser\":\"1\",\"menuIcon\":\"fa fa-user\",\"menuId\":2,\"menuName\":\"管理员列表\",\"menuPerms\":\"\",\"menuType\":1,\"menuUrl\":\"sys/user\",\"orderNum\":1,\"parentId\":1,\"permissionsId\":\"4cd6804bce394f9c8f9cba84e4d8af19\"},{\"createTime\":1550564563000,\"createUser\":\"1\",\"menuIcon\":\"fa fa-user-secret\",\"menuId\":3,\"menuName\":\"角色管理\",\"menuPerms\":\"\",\"menuType\":1,\"menuUrl\":\"sys/role\",\"orderNum\":2,\"parentId\":1,\"permissionsId\":\"cb7b9563748446cfa6c7a73a62403449\"},{\"createTime\":1550564563000,\"createUser\":\"1\",\"menuIcon\":\"fa fa-th-list\",\"menuId\":4,\"menuName\":\"菜单管理\",\"menuPerms\":\"\",\"menuType\":1,\"menuUrl\":\"sys/menu\",\"orderNum\":3,\"parentId\":1,\"permissionsId\":\"167a4f87b40e4b7c9239c814cf5e90d1\"},{\"createTime\":1550564563000,\"createUser\":\"1\",\"menuIcon\":\"fa fa-bug\",\"menuId\":5,\"menuName\":\"SQL监控\",\"menuPerms\":\"\",\"menuType\":1,\"menuUrl\":\"druid/sql.html\",\"orderNum\":4,\"parentId\":1,\"permissionsId\":\"dfb5a567c84949ada425d7a0b672b4a2\"},{\"createTime\":1550564563000,\"createUser\":\"1\",\"menuIcon\":\"fa fa-tasks\",\"menuId\":6,\"menuName\":\"定时任务\",\"menuPerms\":\"\",\"menuType\":1,\"menuUrl\":\"sys/schedule\",\"orderNum\":5,\"parentId\":1,\"permissionsId\":\"a979b75f506146d8a7831dc559d4baa5\"},{\"createTime\":1550564563000,\"createUser\":\"1\",\"menuIcon\":\"fa fa-file-image-o\",\"menuId\":29,\"menuName\":\"文件上传\",\"menuPerms\":\"sys:oss:all\",\"menuType\":1,\"menuUrl\":\"sys/oss\",\"orderNum\":6,\"parentId\":1,\"permissionsId\":\"d5f15634efb24f36a57a853edbe462f4\"},{\"createTime\":1550564563000,\"createUser\":\"1\",\"menuIcon\":\"fa fa-sun-o\",\"menuId\":27,\"menuName\":\"参数管理\",\"menuPerms\":\"sys:config:list,sys:config:info,sys:config:save,sys:config:update,sys:config:delete\",\"menuType\":1,\"menuUrl\":\"sys/config\",\"orderNum\":6,\"parentId\":1,\"permissionsId\":\"dc29800c9d7a4259b90b114b795782c4\"},{\"createTime\":1550564563000,\"createUser\":\"1\",\"menuIcon\":\"fa fa-file-text-o\",\"menuId\":28,\"menuName\":\"系统日志\",\"menuPerms\":\"sys:log:list\",\"menuType\":1,\"menuUrl\":\"sys/log\",\"orderNum\":7,\"parentId\":1,\"permissionsId\":\"c318fc6c945f472f92cd76c6aedae38a\"}]},{\"createTime\":1551360658000,\"createUser\":\"1\",\"menuIcon\":\"fa fa-th-list\",\"menuId\":30,\"menuName\":\"商品管理\",\"menuPerms\":\"\",\"menuType\":0,\"menuUrl\":\"\",\"orderNum\":1,\"parentId\":0,\"permissionsId\":\"3168a03dcadb40de9608d6ca5f3d1caa\",\"subList\":[{\"createTime\":1551420216000,\"createUser\":\"1\",\"menuIcon\":\"fa fa-th-list\",\"menuId\":31,\"menuName\":\"日用百货\",\"menuPerms\":\"\",\"menuType\":1,\"menuUrl\":\"/s/s\",\"orderNum\":1,\"parentId\":30,\"permissionsId\":\"49526e4c8f24959b811c55ce8673\"}]}],\"sysUser\":{\"cUsrEmail\":\"pop@163.com\",\"cUsrId\":\"1\",\"cUsrName\":\"admin\",\"cUsrPassword\":\"6127d5ef08ce6ec13c780fa2063cff79\",\"cUsrPhone\":\"13333333333\",\"cUsrRealName\":\"管理员\",\"cUsrStatus\":1,\"createTime\":1550541986000,\"createUser\":\"1\",\"lastLoginTime\":1551786004176,\"updateTime\":1551693382000,\"updateUser\":\"1\"}}', '17', '0:0:0:0:0:0:0:1', '1', '2019-03-05 19:42:40', null, null);
INSERT INTO `t_sys_log` VALUES ('82968a988874069a79e71c2aff36', 'admin', '用户成功登录', 'com.beisi.module.sys.controller.SysLoginController.sysIndex()', '{\"menuList\":[{\"createTime\":1550564563000,\"createUser\":\"1\",\"menuIcon\":\"fa fa-cog\",\"menuId\":1,\"menuName\":\"系统管理\",\"menuPerms\":\"\",\"menuType\":0,\"menuUrl\":\"\",\"orderNum\":0,\"parentId\":0,\"permissionsId\":\"0945427879a648a291c4a941ac36495d\",\"subList\":[{\"createTime\":1550564563000,\"createUser\":\"1\",\"menuIcon\":\"fa fa-user\",\"menuId\":2,\"menuName\":\"管理员列表\",\"menuPerms\":\"\",\"menuType\":1,\"menuUrl\":\"sys/user\",\"orderNum\":1,\"parentId\":1,\"permissionsId\":\"4cd6804bce394f9c8f9cba84e4d8af19\"},{\"createTime\":1550564563000,\"createUser\":\"1\",\"menuIcon\":\"fa fa-user-secret\",\"menuId\":3,\"menuName\":\"角色管理\",\"menuPerms\":\"\",\"menuType\":1,\"menuUrl\":\"sys/role\",\"orderNum\":2,\"parentId\":1,\"permissionsId\":\"cb7b9563748446cfa6c7a73a62403449\"},{\"createTime\":1550564563000,\"createUser\":\"1\",\"menuIcon\":\"fa fa-th-list\",\"menuId\":4,\"menuName\":\"菜单管理\",\"menuPerms\":\"\",\"menuType\":1,\"menuUrl\":\"sys/menu\",\"orderNum\":3,\"parentId\":1,\"permissionsId\":\"167a4f87b40e4b7c9239c814cf5e90d1\"},{\"createTime\":1550564563000,\"createUser\":\"1\",\"menuIcon\":\"fa fa-bug\",\"menuId\":5,\"menuName\":\"SQL监控\",\"menuPerms\":\"\",\"menuType\":1,\"menuUrl\":\"druid/sql.html\",\"orderNum\":4,\"parentId\":1,\"permissionsId\":\"dfb5a567c84949ada425d7a0b672b4a2\"},{\"createTime\":1550564563000,\"createUser\":\"1\",\"menuIcon\":\"fa fa-tasks\",\"menuId\":6,\"menuName\":\"定时任务\",\"menuPerms\":\"\",\"menuType\":1,\"menuUrl\":\"sys/schedule\",\"orderNum\":5,\"parentId\":1,\"permissionsId\":\"a979b75f506146d8a7831dc559d4baa5\"},{\"createTime\":1550564563000,\"createUser\":\"1\",\"menuIcon\":\"fa fa-file-image-o\",\"menuId\":29,\"menuName\":\"文件上传\",\"menuPerms\":\"sys:oss:all\",\"menuType\":1,\"menuUrl\":\"sys/oss\",\"orderNum\":6,\"parentId\":1,\"permissionsId\":\"d5f15634efb24f36a57a853edbe462f4\"},{\"createTime\":1550564563000,\"createUser\":\"1\",\"menuIcon\":\"fa fa-sun-o\",\"menuId\":27,\"menuName\":\"参数管理\",\"menuPerms\":\"sys:config:list,sys:config:info,sys:config:save,sys:config:update,sys:config:delete\",\"menuType\":1,\"menuUrl\":\"sys/config\",\"orderNum\":6,\"parentId\":1,\"permissionsId\":\"dc29800c9d7a4259b90b114b795782c4\"},{\"createTime\":1550564563000,\"createUser\":\"1\",\"menuIcon\":\"fa fa-file-text-o\",\"menuId\":28,\"menuName\":\"系统日志\",\"menuPerms\":\"sys:log:list\",\"menuType\":1,\"menuUrl\":\"sys/log\",\"orderNum\":7,\"parentId\":1,\"permissionsId\":\"c318fc6c945f472f92cd76c6aedae38a\"}]},{\"createTime\":1551360658000,\"createUser\":\"1\",\"menuIcon\":\"fa fa-th-list\",\"menuId\":30,\"menuName\":\"商品管理\",\"menuPerms\":\"\",\"menuType\":0,\"menuUrl\":\"\",\"orderNum\":1,\"parentId\":0,\"permissionsId\":\"3168a03dcadb40de9608d6ca5f3d1caa\",\"subList\":[{\"createTime\":1551420216000,\"createUser\":\"1\",\"menuIcon\":\"fa fa-th-list\",\"menuId\":31,\"menuName\":\"日用百货\",\"menuPerms\":\"\",\"menuType\":1,\"menuUrl\":\"/s/s\",\"orderNum\":1,\"parentId\":30,\"permissionsId\":\"49526e4c8f24959b811c55ce8673\"}]}],\"sysUser\":{\"cUsrEmail\":\"pop@163.com\",\"cUsrId\":\"1\",\"cUsrName\":\"admin\",\"cUsrPassword\":\"6127d5ef08ce6ec13c780fa2063cff79\",\"cUsrPhone\":\"13333333333\",\"cUsrRealName\":\"管理员\",\"cUsrStatus\":1,\"createTime\":1550541986000,\"createUser\":\"1\",\"lastLoginTime\":1551786609960,\"updateTime\":1551693382000,\"updateUser\":\"1\"}}', '21', '0:0:0:0:0:0:0:1', '1', '2019-03-05 19:50:10', null, null);
INSERT INTO `t_sys_log` VALUES ('8abc0d006bd464b17d7ae87255b7', 'admin', '用户成功登录', 'com.beisi.module.sys.controller.SysLoginController.sysIndex()', '{\"menuList\":[{\"createTime\":1550564563000,\"createUser\":\"1\",\"menuIcon\":\"fa fa-cog\",\"menuId\":1,\"menuName\":\"系统管理\",\"menuPerms\":\"\",\"menuType\":0,\"menuUrl\":\"\",\"orderNum\":0,\"parentId\":0,\"permissionsId\":\"0945427879a648a291c4a941ac36495d\",\"subList\":[{\"createTime\":1550564563000,\"createUser\":\"1\",\"menuIcon\":\"fa fa-user\",\"menuId\":2,\"menuName\":\"管理员列表\",\"menuPerms\":\"\",\"menuType\":1,\"menuUrl\":\"sys/user\",\"orderNum\":1,\"parentId\":1,\"permissionsId\":\"4cd6804bce394f9c8f9cba84e4d8af19\"},{\"createTime\":1550564563000,\"createUser\":\"1\",\"menuIcon\":\"fa fa-user-secret\",\"menuId\":3,\"menuName\":\"角色管理\",\"menuPerms\":\"\",\"menuType\":1,\"menuUrl\":\"sys/role\",\"orderNum\":2,\"parentId\":1,\"permissionsId\":\"cb7b9563748446cfa6c7a73a62403449\"},{\"createTime\":1550564563000,\"createUser\":\"1\",\"menuIcon\":\"fa fa-th-list\",\"menuId\":4,\"menuName\":\"菜单管理\",\"menuPerms\":\"\",\"menuType\":1,\"menuUrl\":\"sys/menu\",\"orderNum\":3,\"parentId\":1,\"permissionsId\":\"167a4f87b40e4b7c9239c814cf5e90d1\"},{\"createTime\":1550564563000,\"createUser\":\"1\",\"menuIcon\":\"fa fa-bug\",\"menuId\":5,\"menuName\":\"SQL监控\",\"menuPerms\":\"\",\"menuType\":1,\"menuUrl\":\"druid/sql.html\",\"orderNum\":4,\"parentId\":1,\"permissionsId\":\"dfb5a567c84949ada425d7a0b672b4a2\"},{\"createTime\":1550564563000,\"createUser\":\"1\",\"menuIcon\":\"fa fa-tasks\",\"menuId\":6,\"menuName\":\"定时任务\",\"menuPerms\":\"\",\"menuType\":1,\"menuUrl\":\"sys/schedule\",\"orderNum\":5,\"parentId\":1,\"permissionsId\":\"a979b75f506146d8a7831dc559d4baa5\"},{\"createTime\":1550564563000,\"createUser\":\"1\",\"menuIcon\":\"fa fa-file-image-o\",\"menuId\":29,\"menuName\":\"文件上传\",\"menuPerms\":\"sys:oss:all\",\"menuType\":1,\"menuUrl\":\"sys/oss\",\"orderNum\":6,\"parentId\":1,\"permissionsId\":\"d5f15634efb24f36a57a853edbe462f4\"},{\"createTime\":1550564563000,\"createUser\":\"1\",\"menuIcon\":\"fa fa-sun-o\",\"menuId\":27,\"menuName\":\"参数管理\",\"menuPerms\":\"sys:config:list,sys:config:info,sys:config:save,sys:config:update,sys:config:delete\",\"menuType\":1,\"menuUrl\":\"sys/config\",\"orderNum\":6,\"parentId\":1,\"permissionsId\":\"dc29800c9d7a4259b90b114b795782c4\"},{\"createTime\":1550564563000,\"createUser\":\"1\",\"menuIcon\":\"fa fa-file-text-o\",\"menuId\":28,\"menuName\":\"系统日志\",\"menuPerms\":\"sys:log:list\",\"menuType\":1,\"menuUrl\":\"sys/log\",\"orderNum\":7,\"parentId\":1,\"permissionsId\":\"c318fc6c945f472f92cd76c6aedae38a\"}]},{\"createTime\":1551360658000,\"createUser\":\"1\",\"menuIcon\":\"fa fa-th-list\",\"menuId\":30,\"menuName\":\"商品管理\",\"menuPerms\":\"\",\"menuType\":0,\"menuUrl\":\"\",\"orderNum\":1,\"parentId\":0,\"permissionsId\":\"3168a03dcadb40de9608d6ca5f3d1caa\",\"subList\":[{\"createTime\":1551420216000,\"createUser\":\"1\",\"menuIcon\":\"fa fa-th-list\",\"menuId\":31,\"menuName\":\"日用百货\",\"menuPerms\":\"\",\"menuType\":1,\"menuUrl\":\"/s/s\",\"orderNum\":1,\"parentId\":30,\"permissionsId\":\"49526e4c8f24959b811c55ce8673\"}]}],\"sysUser\":{\"cUsrEmail\":\"pop@163.com\",\"cUsrId\":\"1\",\"cUsrName\":\"admin\",\"cUsrPassword\":\"6127d5ef08ce6ec13c780fa2063cff79\",\"cUsrPhone\":\"13333333333\",\"cUsrRealName\":\"管理员\",\"cUsrStatus\":1,\"createTime\":1550541986000,\"createUser\":\"1\",\"lastLoginTime\":1551786004176,\"updateTime\":1551693382000,\"updateUser\":\"1\"}}', '30', '0:0:0:0:0:0:0:1', '1', '2019-03-05 19:40:04', null, null);
INSERT INTO `t_sys_log` VALUES ('9c6b7ee9ebf4419ae511960c8c1d', 'admin', '用户成功登录', 'com.beisi.module.sys.controller.SysLoginController.sysIndex()', '{\"menuList\":[{\"createTime\":1550564563000,\"createUser\":\"1\",\"menuIcon\":\"fa fa-cog\",\"menuId\":1,\"menuName\":\"系统管理\",\"menuPerms\":\"\",\"menuType\":0,\"menuUrl\":\"\",\"orderNum\":0,\"parentId\":0,\"permissionsId\":\"0945427879a648a291c4a941ac36495d\",\"subList\":[{\"createTime\":1550564563000,\"createUser\":\"1\",\"menuIcon\":\"fa fa-user\",\"menuId\":2,\"menuName\":\"管理员列表\",\"menuPerms\":\"\",\"menuType\":1,\"menuUrl\":\"sys/user\",\"orderNum\":1,\"parentId\":1,\"permissionsId\":\"4cd6804bce394f9c8f9cba84e4d8af19\"},{\"createTime\":1550564563000,\"createUser\":\"1\",\"menuIcon\":\"fa fa-user-secret\",\"menuId\":3,\"menuName\":\"角色管理\",\"menuPerms\":\"\",\"menuType\":1,\"menuUrl\":\"sys/role\",\"orderNum\":2,\"parentId\":1,\"permissionsId\":\"cb7b9563748446cfa6c7a73a62403449\"},{\"createTime\":1550564563000,\"createUser\":\"1\",\"menuIcon\":\"fa fa-th-list\",\"menuId\":4,\"menuName\":\"菜单管理\",\"menuPerms\":\"\",\"menuType\":1,\"menuUrl\":\"sys/menu\",\"orderNum\":3,\"parentId\":1,\"permissionsId\":\"167a4f87b40e4b7c9239c814cf5e90d1\"},{\"createTime\":1550564563000,\"createUser\":\"1\",\"menuIcon\":\"fa fa-bug\",\"menuId\":5,\"menuName\":\"SQL监控\",\"menuPerms\":\"\",\"menuType\":1,\"menuUrl\":\"druid/sql.html\",\"orderNum\":4,\"parentId\":1,\"permissionsId\":\"dfb5a567c84949ada425d7a0b672b4a2\"},{\"createTime\":1550564563000,\"createUser\":\"1\",\"menuIcon\":\"fa fa-tasks\",\"menuId\":6,\"menuName\":\"定时任务\",\"menuPerms\":\"\",\"menuType\":1,\"menuUrl\":\"sys/schedule\",\"orderNum\":5,\"parentId\":1,\"permissionsId\":\"a979b75f506146d8a7831dc559d4baa5\"},{\"createTime\":1550564563000,\"createUser\":\"1\",\"menuIcon\":\"fa fa-file-image-o\",\"menuId\":29,\"menuName\":\"文件上传\",\"menuPerms\":\"sys:oss:all\",\"menuType\":1,\"menuUrl\":\"sys/oss\",\"orderNum\":6,\"parentId\":1,\"permissionsId\":\"d5f15634efb24f36a57a853edbe462f4\"},{\"createTime\":1550564563000,\"createUser\":\"1\",\"menuIcon\":\"fa fa-sun-o\",\"menuId\":27,\"menuName\":\"参数管理\",\"menuPerms\":\"sys:config:list,sys:config:info,sys:config:save,sys:config:update,sys:config:delete\",\"menuType\":1,\"menuUrl\":\"sys/config\",\"orderNum\":6,\"parentId\":1,\"permissionsId\":\"dc29800c9d7a4259b90b114b795782c4\"},{\"createTime\":1550564563000,\"createUser\":\"1\",\"menuIcon\":\"fa fa-file-text-o\",\"menuId\":28,\"menuName\":\"系统日志\",\"menuPerms\":\"sys:log:list\",\"menuType\":1,\"menuUrl\":\"sys/log\",\"orderNum\":7,\"parentId\":1,\"permissionsId\":\"c318fc6c945f472f92cd76c6aedae38a\"}]},{\"createTime\":1551360658000,\"createUser\":\"1\",\"menuIcon\":\"fa fa-th-list\",\"menuId\":30,\"menuName\":\"商品管理\",\"menuPerms\":\"\",\"menuType\":0,\"menuUrl\":\"\",\"orderNum\":1,\"parentId\":0,\"permissionsId\":\"3168a03dcadb40de9608d6ca5f3d1caa\",\"subList\":[{\"createTime\":1551420216000,\"createUser\":\"1\",\"menuIcon\":\"fa fa-th-list\",\"menuId\":31,\"menuName\":\"日用百货\",\"menuPerms\":\"\",\"menuType\":1,\"menuUrl\":\"/s/s\",\"orderNum\":1,\"parentId\":30,\"permissionsId\":\"49526e4c8f24959b811c55ce8673\"}]}],\"sysUser\":{\"cUsrEmail\":\"pop@163.com\",\"cUsrId\":\"1\",\"cUsrName\":\"admin\",\"cUsrPassword\":\"6127d5ef08ce6ec13c780fa2063cff79\",\"cUsrPhone\":\"13333333333\",\"cUsrRealName\":\"管理员\",\"cUsrStatus\":1,\"createTime\":1550541986000,\"createUser\":\"1\",\"lastLoginTime\":1551786004176,\"updateTime\":1551693382000,\"updateUser\":\"1\"}}', '27', '0:0:0:0:0:0:0:1', '1', '2019-03-05 19:41:24', null, null);
INSERT INTO `t_sys_log` VALUES ('9c95a9670974c1bbcdb3a78e3456', 'admin', '用户成功登录', 'com.beisi.module.sys.controller.SysLoginController.sysIndex()', '{\"menuList\":[{\"createTime\":1550564563000,\"createUser\":\"1\",\"menuIcon\":\"fa fa-cog\",\"menuId\":1,\"menuName\":\"系统管理\",\"menuPerms\":\"\",\"menuType\":0,\"menuUrl\":\"\",\"orderNum\":0,\"parentId\":0,\"permissionsId\":\"0945427879a648a291c4a941ac36495d\",\"subList\":[{\"createTime\":1550564563000,\"createUser\":\"1\",\"menuIcon\":\"fa fa-user\",\"menuId\":2,\"menuName\":\"管理员列表\",\"menuPerms\":\"\",\"menuType\":1,\"menuUrl\":\"sys/user\",\"orderNum\":1,\"parentId\":1,\"permissionsId\":\"4cd6804bce394f9c8f9cba84e4d8af19\"},{\"createTime\":1550564563000,\"createUser\":\"1\",\"menuIcon\":\"fa fa-user-secret\",\"menuId\":3,\"menuName\":\"角色管理\",\"menuPerms\":\"\",\"menuType\":1,\"menuUrl\":\"sys/role\",\"orderNum\":2,\"parentId\":1,\"permissionsId\":\"cb7b9563748446cfa6c7a73a62403449\"},{\"createTime\":1550564563000,\"createUser\":\"1\",\"menuIcon\":\"fa fa-th-list\",\"menuId\":4,\"menuName\":\"菜单管理\",\"menuPerms\":\"\",\"menuType\":1,\"menuUrl\":\"sys/menu\",\"orderNum\":3,\"parentId\":1,\"permissionsId\":\"167a4f87b40e4b7c9239c814cf5e90d1\"},{\"createTime\":1550564563000,\"createUser\":\"1\",\"menuIcon\":\"fa fa-bug\",\"menuId\":5,\"menuName\":\"SQL监控\",\"menuPerms\":\"\",\"menuType\":1,\"menuUrl\":\"druid/sql.html\",\"orderNum\":4,\"parentId\":1,\"permissionsId\":\"dfb5a567c84949ada425d7a0b672b4a2\"},{\"createTime\":1550564563000,\"createUser\":\"1\",\"menuIcon\":\"fa fa-tasks\",\"menuId\":6,\"menuName\":\"定时任务\",\"menuPerms\":\"\",\"menuType\":1,\"menuUrl\":\"sys/schedule\",\"orderNum\":5,\"parentId\":1,\"permissionsId\":\"a979b75f506146d8a7831dc559d4baa5\"},{\"createTime\":1550564563000,\"createUser\":\"1\",\"menuIcon\":\"fa fa-file-image-o\",\"menuId\":29,\"menuName\":\"文件上传\",\"menuPerms\":\"sys:oss:all\",\"menuType\":1,\"menuUrl\":\"sys/oss\",\"orderNum\":6,\"parentId\":1,\"permissionsId\":\"d5f15634efb24f36a57a853edbe462f4\"},{\"createTime\":1550564563000,\"createUser\":\"1\",\"menuIcon\":\"fa fa-sun-o\",\"menuId\":27,\"menuName\":\"参数管理\",\"menuPerms\":\"sys:config:list,sys:config:info,sys:config:save,sys:config:update,sys:config:delete\",\"menuType\":1,\"menuUrl\":\"sys/config\",\"orderNum\":6,\"parentId\":1,\"permissionsId\":\"dc29800c9d7a4259b90b114b795782c4\"},{\"createTime\":1550564563000,\"createUser\":\"1\",\"menuIcon\":\"fa fa-file-text-o\",\"menuId\":28,\"menuName\":\"系统日志\",\"menuPerms\":\"sys:log:list\",\"menuType\":1,\"menuUrl\":\"sys/log\",\"orderNum\":7,\"parentId\":1,\"permissionsId\":\"c318fc6c945f472f92cd76c6aedae38a\"}]},{\"createTime\":1551360658000,\"createUser\":\"1\",\"menuIcon\":\"fa fa-th-list\",\"menuId\":30,\"menuName\":\"商品管理\",\"menuPerms\":\"\",\"menuType\":0,\"menuUrl\":\"\",\"orderNum\":1,\"parentId\":0,\"permissionsId\":\"3168a03dcadb40de9608d6ca5f3d1caa\",\"subList\":[{\"createTime\":1551420216000,\"createUser\":\"1\",\"menuIcon\":\"fa fa-th-list\",\"menuId\":31,\"menuName\":\"日用百货\",\"menuPerms\":\"\",\"menuType\":1,\"menuUrl\":\"/s/s\",\"orderNum\":1,\"parentId\":30,\"permissionsId\":\"49526e4c8f24959b811c55ce8673\"}]}],\"sysUser\":{\"cUsrEmail\":\"pop@163.com\",\"cUsrId\":\"1\",\"cUsrName\":\"admin\",\"cUsrPassword\":\"6127d5ef08ce6ec13c780fa2063cff79\",\"cUsrPhone\":\"13333333333\",\"cUsrRealName\":\"管理员\",\"cUsrStatus\":1,\"createTime\":1550541986000,\"createUser\":\"1\",\"lastLoginTime\":1551763535985,\"updateTime\":1551693382000,\"updateUser\":\"1\"}}', '37', '0:0:0:0:0:0:0:1', '1', '2019-03-05 13:25:36', null, null);
INSERT INTO `t_sys_log` VALUES ('9f389dc422b4799b9aac2c23325d', 'admin', '用户成功登录', 'com.beisi.module.sys.controller.SysLoginController.sysIndex()', '{\"menuList\":[{\"createTime\":1550564563000,\"createUser\":\"1\",\"menuIcon\":\"fa fa-cog\",\"menuId\":1,\"menuName\":\"系统管理\",\"menuPerms\":\"\",\"menuType\":0,\"menuUrl\":\"\",\"orderNum\":0,\"parentId\":0,\"permissionsId\":\"0945427879a648a291c4a941ac36495d\",\"subList\":[{\"createTime\":1550564563000,\"createUser\":\"1\",\"menuIcon\":\"fa fa-user\",\"menuId\":2,\"menuName\":\"管理员列表\",\"menuPerms\":\"\",\"menuType\":1,\"menuUrl\":\"sys/user\",\"orderNum\":1,\"parentId\":1,\"permissionsId\":\"4cd6804bce394f9c8f9cba84e4d8af19\"},{\"createTime\":1550564563000,\"createUser\":\"1\",\"menuIcon\":\"fa fa-user-secret\",\"menuId\":3,\"menuName\":\"角色管理\",\"menuPerms\":\"\",\"menuType\":1,\"menuUrl\":\"sys/role\",\"orderNum\":2,\"parentId\":1,\"permissionsId\":\"cb7b9563748446cfa6c7a73a62403449\"},{\"createTime\":1550564563000,\"createUser\":\"1\",\"menuIcon\":\"fa fa-th-list\",\"menuId\":4,\"menuName\":\"菜单管理\",\"menuPerms\":\"\",\"menuType\":1,\"menuUrl\":\"sys/menu\",\"orderNum\":3,\"parentId\":1,\"permissionsId\":\"167a4f87b40e4b7c9239c814cf5e90d1\"},{\"createTime\":1550564563000,\"createUser\":\"1\",\"menuIcon\":\"fa fa-bug\",\"menuId\":5,\"menuName\":\"SQL监控\",\"menuPerms\":\"\",\"menuType\":1,\"menuUrl\":\"druid/sql.html\",\"orderNum\":4,\"parentId\":1,\"permissionsId\":\"dfb5a567c84949ada425d7a0b672b4a2\"},{\"createTime\":1550564563000,\"createUser\":\"1\",\"menuIcon\":\"fa fa-tasks\",\"menuId\":6,\"menuName\":\"定时任务\",\"menuPerms\":\"\",\"menuType\":1,\"menuUrl\":\"sys/schedule\",\"orderNum\":5,\"parentId\":1,\"permissionsId\":\"a979b75f506146d8a7831dc559d4baa5\"},{\"createTime\":1550564563000,\"createUser\":\"1\",\"menuIcon\":\"fa fa-file-image-o\",\"menuId\":29,\"menuName\":\"文件上传\",\"menuPerms\":\"sys:oss:all\",\"menuType\":1,\"menuUrl\":\"sys/oss\",\"orderNum\":6,\"parentId\":1,\"permissionsId\":\"d5f15634efb24f36a57a853edbe462f4\"},{\"createTime\":1550564563000,\"createUser\":\"1\",\"menuIcon\":\"fa fa-sun-o\",\"menuId\":27,\"menuName\":\"参数管理\",\"menuPerms\":\"sys:config:list,sys:config:info,sys:config:save,sys:config:update,sys:config:delete\",\"menuType\":1,\"menuUrl\":\"sys/config\",\"orderNum\":6,\"parentId\":1,\"permissionsId\":\"dc29800c9d7a4259b90b114b795782c4\"},{\"createTime\":1550564563000,\"createUser\":\"1\",\"menuIcon\":\"fa fa-file-text-o\",\"menuId\":28,\"menuName\":\"系统日志\",\"menuPerms\":\"sys:log:list\",\"menuType\":1,\"menuUrl\":\"sys/log\",\"orderNum\":7,\"parentId\":1,\"permissionsId\":\"c318fc6c945f472f92cd76c6aedae38a\"}]},{\"createTime\":1551360658000,\"createUser\":\"1\",\"menuIcon\":\"fa fa-th-list\",\"menuId\":30,\"menuName\":\"商品管理\",\"menuPerms\":\"\",\"menuType\":0,\"menuUrl\":\"\",\"orderNum\":1,\"parentId\":0,\"permissionsId\":\"3168a03dcadb40de9608d6ca5f3d1caa\",\"subList\":[{\"createTime\":1551420216000,\"createUser\":\"1\",\"menuIcon\":\"fa fa-th-list\",\"menuId\":31,\"menuName\":\"日用百货\",\"menuPerms\":\"\",\"menuType\":1,\"menuUrl\":\"/s/s\",\"orderNum\":1,\"parentId\":30,\"permissionsId\":\"49526e4c8f24959b811c55ce8673\"}]}],\"sysUser\":{\"cUsrEmail\":\"pop@163.com\",\"cUsrId\":\"1\",\"cUsrName\":\"admin\",\"cUsrPassword\":\"6127d5ef08ce6ec13c780fa2063cff79\",\"cUsrPhone\":\"13333333333\",\"cUsrRealName\":\"管理员\",\"cUsrStatus\":1,\"createTime\":1550541986000,\"createUser\":\"1\",\"lastLoginTime\":1551763535985,\"updateTime\":1551693382000,\"updateUser\":\"1\"}}', '34', '0:0:0:0:0:0:0:1', '1', '2019-03-05 13:30:49', null, null);
INSERT INTO `t_sys_log` VALUES ('a1615aa3ea24dc943c05df0ec319', 'admin', '用户成功登录', 'com.beisi.module.sys.controller.SysLoginController.sysIndex()', '{\"menuList\":[{\"createTime\":1550564563000,\"createUser\":\"1\",\"menuIcon\":\"fa fa-cog\",\"menuId\":1,\"menuName\":\"系统管理\",\"menuPerms\":\"\",\"menuType\":0,\"menuUrl\":\"\",\"orderNum\":0,\"parentId\":0,\"permissionsId\":\"0945427879a648a291c4a941ac36495d\",\"subList\":[{\"createTime\":1550564563000,\"createUser\":\"1\",\"menuIcon\":\"fa fa-user\",\"menuId\":2,\"menuName\":\"管理员列表\",\"menuPerms\":\"\",\"menuType\":1,\"menuUrl\":\"sys/user\",\"orderNum\":1,\"parentId\":1,\"permissionsId\":\"4cd6804bce394f9c8f9cba84e4d8af19\"},{\"createTime\":1550564563000,\"createUser\":\"1\",\"menuIcon\":\"fa fa-user-secret\",\"menuId\":3,\"menuName\":\"角色管理\",\"menuPerms\":\"\",\"menuType\":1,\"menuUrl\":\"sys/role\",\"orderNum\":2,\"parentId\":1,\"permissionsId\":\"cb7b9563748446cfa6c7a73a62403449\"},{\"createTime\":1550564563000,\"createUser\":\"1\",\"menuIcon\":\"fa fa-th-list\",\"menuId\":4,\"menuName\":\"菜单管理\",\"menuPerms\":\"\",\"menuType\":1,\"menuUrl\":\"sys/menu\",\"orderNum\":3,\"parentId\":1,\"permissionsId\":\"167a4f87b40e4b7c9239c814cf5e90d1\"},{\"createTime\":1550564563000,\"createUser\":\"1\",\"menuIcon\":\"fa fa-bug\",\"menuId\":5,\"menuName\":\"SQL监控\",\"menuPerms\":\"\",\"menuType\":1,\"menuUrl\":\"druid/sql.html\",\"orderNum\":4,\"parentId\":1,\"permissionsId\":\"dfb5a567c84949ada425d7a0b672b4a2\"},{\"createTime\":1550564563000,\"createUser\":\"1\",\"menuIcon\":\"fa fa-tasks\",\"menuId\":6,\"menuName\":\"定时任务\",\"menuPerms\":\"\",\"menuType\":1,\"menuUrl\":\"sys/schedule\",\"orderNum\":5,\"parentId\":1,\"permissionsId\":\"a979b75f506146d8a7831dc559d4baa5\"},{\"createTime\":1550564563000,\"createUser\":\"1\",\"menuIcon\":\"fa fa-file-image-o\",\"menuId\":29,\"menuName\":\"文件上传\",\"menuPerms\":\"sys:oss:all\",\"menuType\":1,\"menuUrl\":\"sys/oss\",\"orderNum\":6,\"parentId\":1,\"permissionsId\":\"d5f15634efb24f36a57a853edbe462f4\"},{\"createTime\":1550564563000,\"createUser\":\"1\",\"menuIcon\":\"fa fa-sun-o\",\"menuId\":27,\"menuName\":\"参数管理\",\"menuPerms\":\"sys:config:list,sys:config:info,sys:config:save,sys:config:update,sys:config:delete\",\"menuType\":1,\"menuUrl\":\"sys/config\",\"orderNum\":6,\"parentId\":1,\"permissionsId\":\"dc29800c9d7a4259b90b114b795782c4\"},{\"createTime\":1550564563000,\"createUser\":\"1\",\"menuIcon\":\"fa fa-file-text-o\",\"menuId\":28,\"menuName\":\"系统日志\",\"menuPerms\":\"sys:log:list\",\"menuType\":1,\"menuUrl\":\"sys/log\",\"orderNum\":7,\"parentId\":1,\"permissionsId\":\"c318fc6c945f472f92cd76c6aedae38a\"}]},{\"createTime\":1551360658000,\"createUser\":\"1\",\"menuIcon\":\"fa fa-th-list\",\"menuId\":30,\"menuName\":\"商品管理\",\"menuPerms\":\"\",\"menuType\":0,\"menuUrl\":\"\",\"orderNum\":1,\"parentId\":0,\"permissionsId\":\"3168a03dcadb40de9608d6ca5f3d1caa\",\"subList\":[{\"createTime\":1551420216000,\"createUser\":\"1\",\"menuIcon\":\"fa fa-th-list\",\"menuId\":31,\"menuName\":\"日用百货\",\"menuPerms\":\"\",\"menuType\":1,\"menuUrl\":\"/s/s\",\"orderNum\":1,\"parentId\":30,\"permissionsId\":\"49526e4c8f24959b811c55ce8673\"}]}],\"sysUser\":{\"cUsrEmail\":\"pop@163.com\",\"cUsrId\":\"1\",\"cUsrName\":\"admin\",\"cUsrPassword\":\"6127d5ef08ce6ec13c780fa2063cff79\",\"cUsrPhone\":\"13333333333\",\"cUsrRealName\":\"管理员\",\"cUsrStatus\":1,\"createTime\":1550541986000,\"createUser\":\"1\",\"lastLoginTime\":1551765257062,\"updateTime\":1551693382000,\"updateUser\":\"1\"}}', '30', '0:0:0:0:0:0:0:1', '1', '2019-03-05 13:54:17', null, null);
INSERT INTO `t_sys_log` VALUES ('afee1db8f25431943a90b3745566', 'admin', '用户成功登录', 'com.beisi.module.sys.controller.SysLoginController.sysIndex()', '{\"menuList\":[{\"createTime\":1550564563000,\"createUser\":\"1\",\"menuIcon\":\"fa fa-cog\",\"menuId\":1,\"menuName\":\"系统管理\",\"menuPerms\":\"\",\"menuType\":0,\"menuUrl\":\"\",\"orderNum\":0,\"parentId\":0,\"permissionsId\":\"0945427879a648a291c4a941ac36495d\",\"subList\":[{\"createTime\":1550564563000,\"createUser\":\"1\",\"menuIcon\":\"fa fa-user\",\"menuId\":2,\"menuName\":\"管理员列表\",\"menuPerms\":\"\",\"menuType\":1,\"menuUrl\":\"sys/user\",\"orderNum\":1,\"parentId\":1,\"permissionsId\":\"4cd6804bce394f9c8f9cba84e4d8af19\"},{\"createTime\":1550564563000,\"createUser\":\"1\",\"menuIcon\":\"fa fa-user-secret\",\"menuId\":3,\"menuName\":\"角色管理\",\"menuPerms\":\"\",\"menuType\":1,\"menuUrl\":\"sys/role\",\"orderNum\":2,\"parentId\":1,\"permissionsId\":\"cb7b9563748446cfa6c7a73a62403449\"},{\"createTime\":1550564563000,\"createUser\":\"1\",\"menuIcon\":\"fa fa-th-list\",\"menuId\":4,\"menuName\":\"菜单管理\",\"menuPerms\":\"\",\"menuType\":1,\"menuUrl\":\"sys/menu\",\"orderNum\":3,\"parentId\":1,\"permissionsId\":\"167a4f87b40e4b7c9239c814cf5e90d1\"},{\"createTime\":1550564563000,\"createUser\":\"1\",\"menuIcon\":\"fa fa-bug\",\"menuId\":5,\"menuName\":\"SQL监控\",\"menuPerms\":\"\",\"menuType\":1,\"menuUrl\":\"druid/sql.html\",\"orderNum\":4,\"parentId\":1,\"permissionsId\":\"dfb5a567c84949ada425d7a0b672b4a2\"},{\"createTime\":1550564563000,\"createUser\":\"1\",\"menuIcon\":\"fa fa-tasks\",\"menuId\":6,\"menuName\":\"定时任务\",\"menuPerms\":\"\",\"menuType\":1,\"menuUrl\":\"sys/schedule\",\"orderNum\":5,\"parentId\":1,\"permissionsId\":\"a979b75f506146d8a7831dc559d4baa5\"},{\"createTime\":1550564563000,\"createUser\":\"1\",\"menuIcon\":\"fa fa-file-image-o\",\"menuId\":29,\"menuName\":\"文件上传\",\"menuPerms\":\"sys:oss:all\",\"menuType\":1,\"menuUrl\":\"sys/oss\",\"orderNum\":6,\"parentId\":1,\"permissionsId\":\"d5f15634efb24f36a57a853edbe462f4\"},{\"createTime\":1550564563000,\"createUser\":\"1\",\"menuIcon\":\"fa fa-sun-o\",\"menuId\":27,\"menuName\":\"参数管理\",\"menuPerms\":\"sys:config:list,sys:config:info,sys:config:save,sys:config:update,sys:config:delete\",\"menuType\":1,\"menuUrl\":\"sys/config\",\"orderNum\":6,\"parentId\":1,\"permissionsId\":\"dc29800c9d7a4259b90b114b795782c4\"},{\"createTime\":1550564563000,\"createUser\":\"1\",\"menuIcon\":\"fa fa-file-text-o\",\"menuId\":28,\"menuName\":\"系统日志\",\"menuPerms\":\"sys:log:list\",\"menuType\":1,\"menuUrl\":\"sys/log\",\"orderNum\":7,\"parentId\":1,\"permissionsId\":\"c318fc6c945f472f92cd76c6aedae38a\"}]},{\"createTime\":1551360658000,\"createUser\":\"1\",\"menuIcon\":\"fa fa-th-list\",\"menuId\":30,\"menuName\":\"商品管理\",\"menuPerms\":\"\",\"menuType\":0,\"menuUrl\":\"\",\"orderNum\":1,\"parentId\":0,\"permissionsId\":\"3168a03dcadb40de9608d6ca5f3d1caa\",\"subList\":[{\"createTime\":1551420216000,\"createUser\":\"1\",\"menuIcon\":\"fa fa-th-list\",\"menuId\":31,\"menuName\":\"日用百货\",\"menuPerms\":\"\",\"menuType\":1,\"menuUrl\":\"/s/s\",\"orderNum\":1,\"parentId\":30,\"permissionsId\":\"49526e4c8f24959b811c55ce8673\"}]}],\"sysUser\":{\"cUsrEmail\":\"pop@163.com\",\"cUsrId\":\"1\",\"cUsrName\":\"admin\",\"cUsrPassword\":\"6127d5ef08ce6ec13c780fa2063cff79\",\"cUsrPhone\":\"13333333333\",\"cUsrRealName\":\"管理员\",\"cUsrStatus\":1,\"createTime\":1550541986000,\"createUser\":\"1\",\"lastLoginTime\":1551763187938,\"updateTime\":1551693382000,\"updateUser\":\"1\"}}', '56', '0:0:0:0:0:0:0:1', '1', '2019-03-05 13:24:30', null, null);
INSERT INTO `t_sys_log` VALUES ('b155a0ee6c2499b1063bbd0c17c4', 'admin', '删除菜单', 'com.beisi.module.sys.controller.SysMenuController.deleteMenu()', '\"3168a03dcadb40de9608d6ca5f3d1caa\"', '18', '0:0:0:0:0:0:0:1', '1', '2019-03-12 15:47:15', null, null);
INSERT INTO `t_sys_log` VALUES ('b2b18f8f51443a994497d438c97d', 'test', '用户成功登录', 'com.beisi.module.sys.controller.SysLoginController.sysIndex()', '{\"menuList\":[{\"createTime\":1550564563000,\"createUser\":\"1\",\"menuIcon\":\"fa fa-cog\",\"menuId\":1,\"menuName\":\"系统管理\",\"menuPerms\":\"\",\"menuType\":0,\"menuUrl\":\"\",\"orderNum\":0,\"parentId\":0,\"permissionsId\":\"0945427879a648a291c4a941ac36495d\",\"subList\":[{\"createTime\":1550564563000,\"createUser\":\"1\",\"menuIcon\":\"fa fa-user\",\"menuId\":2,\"menuName\":\"管理员列表\",\"menuPerms\":\"\",\"menuType\":1,\"menuUrl\":\"sys/user\",\"orderNum\":1,\"parentId\":1,\"permissionsId\":\"4cd6804bce394f9c8f9cba84e4d8af19\"},{\"createTime\":1550564563000,\"createUser\":\"1\",\"menuIcon\":\"fa fa-user-secret\",\"menuId\":3,\"menuName\":\"角色管理\",\"menuPerms\":\"\",\"menuType\":1,\"menuUrl\":\"sys/role\",\"orderNum\":2,\"parentId\":1,\"permissionsId\":\"cb7b9563748446cfa6c7a73a62403449\"},{\"createTime\":1550564563000,\"createUser\":\"1\",\"menuIcon\":\"fa fa-th-list\",\"menuId\":4,\"menuName\":\"菜单管理\",\"menuPerms\":\"\",\"menuType\":1,\"menuUrl\":\"sys/menu\",\"orderNum\":3,\"parentId\":1,\"permissionsId\":\"167a4f87b40e4b7c9239c814cf5e90d1\"},{\"createTime\":1550564563000,\"createUser\":\"1\",\"menuIcon\":\"fa fa-bug\",\"menuId\":5,\"menuName\":\"SQL监控\",\"menuPerms\":\"\",\"menuType\":1,\"menuUrl\":\"druid/sql.html\",\"orderNum\":4,\"parentId\":1,\"permissionsId\":\"dfb5a567c84949ada425d7a0b672b4a2\"},{\"createTime\":1550564563000,\"createUser\":\"1\",\"menuIcon\":\"fa fa-tasks\",\"menuId\":6,\"menuName\":\"定时任务\",\"menuPerms\":\"\",\"menuType\":1,\"menuUrl\":\"sys/schedule\",\"orderNum\":5,\"parentId\":1,\"permissionsId\":\"a979b75f506146d8a7831dc559d4baa5\"},{\"createTime\":1550564563000,\"createUser\":\"1\",\"menuIcon\":\"fa fa-file-image-o\",\"menuId\":29,\"menuName\":\"文件上传\",\"menuPerms\":\"sys:oss:all\",\"menuType\":1,\"menuUrl\":\"sys/oss\",\"orderNum\":6,\"parentId\":1,\"permissionsId\":\"d5f15634efb24f36a57a853edbe462f4\"},{\"createTime\":1550564563000,\"createUser\":\"1\",\"menuIcon\":\"fa fa-sun-o\",\"menuId\":27,\"menuName\":\"参数管理\",\"menuPerms\":\"sys:config:list,sys:config:info,sys:config:save,sys:config:update,sys:config:delete\",\"menuType\":1,\"menuUrl\":\"sys/config\",\"orderNum\":6,\"parentId\":1,\"permissionsId\":\"dc29800c9d7a4259b90b114b795782c4\"},{\"createTime\":1550564563000,\"createUser\":\"1\",\"menuIcon\":\"fa fa-file-text-o\",\"menuId\":28,\"menuName\":\"系统日志\",\"menuPerms\":\"sys:log:list\",\"menuType\":1,\"menuUrl\":\"sys/log\",\"orderNum\":7,\"parentId\":1,\"permissionsId\":\"c318fc6c945f472f92cd76c6aedae38a\"}]}],\"sysUser\":{\"cUsrEmail\":\"123@qq.com\",\"cUsrId\":\"e235ecc43510410183279954927b70b0\",\"cUsrName\":\"test\",\"cUsrPassword\":\"3edcbd6a490a8e571c0fb85a0348f25f\",\"cUsrPhone\":\"19999999999\",\"cUsrRealName\":\"测试\",\"cUsrStatus\":1,\"createTime\":1551675478000,\"createUser\":\"1\",\"expirationTime\":1553270400000,\"lastLoginTime\":1551763867752,\"updateTime\":1551700634000,\"updateUser\":\"1\"}}', '14', '192.168.100.8', 'e235ecc43510410183279954927b70b0', '2019-03-05 13:31:08', null, null);
INSERT INTO `t_sys_log` VALUES ('b5e68ff65de482b6e0a7e3ec0caf', 'admin', '删除菜单', 'com.beisi.module.sys.controller.SysMenuController.deleteMenu()', '\"3ca447de5e9425975277c48d5508\"', '15', '0:0:0:0:0:0:0:1', '1', '2019-03-12 15:47:07', null, null);
INSERT INTO `t_sys_log` VALUES ('c77d2bb8c2c499ba8b9e834c3dd8', 'admin', '用户成功登录', 'com.beisi.module.sys.controller.SysLoginController.sysIndex()', '{\"menuList\":[{\"createTime\":1550564563000,\"createUser\":\"1\",\"menuIcon\":\"fa fa-cog\",\"menuId\":1,\"menuName\":\"系统管理\",\"menuPerms\":\"\",\"menuType\":0,\"menuUrl\":\"\",\"orderNum\":0,\"parentId\":0,\"permissionsId\":\"0945427879a648a291c4a941ac36495d\",\"subList\":[{\"createTime\":1550564563000,\"createUser\":\"1\",\"menuIcon\":\"fa fa-user\",\"menuId\":2,\"menuName\":\"管理员列表\",\"menuPerms\":\"\",\"menuType\":1,\"menuUrl\":\"sys/user\",\"orderNum\":1,\"parentId\":1,\"permissionsId\":\"4cd6804bce394f9c8f9cba84e4d8af19\"},{\"createTime\":1550564563000,\"createUser\":\"1\",\"menuIcon\":\"fa fa-user-secret\",\"menuId\":3,\"menuName\":\"角色管理\",\"menuPerms\":\"\",\"menuType\":1,\"menuUrl\":\"sys/role\",\"orderNum\":2,\"parentId\":1,\"permissionsId\":\"cb7b9563748446cfa6c7a73a62403449\"},{\"createTime\":1550564563000,\"createUser\":\"1\",\"menuIcon\":\"fa fa-th-list\",\"menuId\":4,\"menuName\":\"菜单管理\",\"menuPerms\":\"\",\"menuType\":1,\"menuUrl\":\"sys/menu\",\"orderNum\":3,\"parentId\":1,\"permissionsId\":\"167a4f87b40e4b7c9239c814cf5e90d1\"},{\"createTime\":1550564563000,\"createUser\":\"1\",\"menuIcon\":\"fa fa-bug\",\"menuId\":5,\"menuName\":\"SQL监控\",\"menuPerms\":\"\",\"menuType\":1,\"menuUrl\":\"druid/sql.html\",\"orderNum\":4,\"parentId\":1,\"permissionsId\":\"dfb5a567c84949ada425d7a0b672b4a2\"},{\"createTime\":1550564563000,\"createUser\":\"1\",\"menuIcon\":\"fa fa-tasks\",\"menuId\":6,\"menuName\":\"定时任务\",\"menuPerms\":\"\",\"menuType\":1,\"menuUrl\":\"sys/schedule\",\"orderNum\":5,\"parentId\":1,\"permissionsId\":\"a979b75f506146d8a7831dc559d4baa5\"},{\"createTime\":1550564563000,\"createUser\":\"1\",\"menuIcon\":\"fa fa-file-image-o\",\"menuId\":29,\"menuName\":\"文件上传\",\"menuPerms\":\"sys:oss:all\",\"menuType\":1,\"menuUrl\":\"sys/oss\",\"orderNum\":6,\"parentId\":1,\"permissionsId\":\"d5f15634efb24f36a57a853edbe462f4\"},{\"createTime\":1550564563000,\"createUser\":\"1\",\"menuIcon\":\"fa fa-sun-o\",\"menuId\":27,\"menuName\":\"参数管理\",\"menuPerms\":\"sys:config:list,sys:config:info,sys:config:save,sys:config:update,sys:config:delete\",\"menuType\":1,\"menuUrl\":\"sys/config\",\"orderNum\":6,\"parentId\":1,\"permissionsId\":\"dc29800c9d7a4259b90b114b795782c4\"},{\"createTime\":1550564563000,\"createUser\":\"1\",\"menuIcon\":\"fa fa-file-text-o\",\"menuId\":28,\"menuName\":\"系统日志\",\"menuPerms\":\"sys:log:list\",\"menuType\":1,\"menuUrl\":\"sys/log\",\"orderNum\":7,\"parentId\":1,\"permissionsId\":\"c318fc6c945f472f92cd76c6aedae38a\"}]},{\"createTime\":1551360658000,\"createUser\":\"1\",\"menuIcon\":\"fa fa-th-list\",\"menuId\":30,\"menuName\":\"商品管理\",\"menuPerms\":\"\",\"menuType\":0,\"menuUrl\":\"\",\"orderNum\":1,\"parentId\":0,\"permissionsId\":\"3168a03dcadb40de9608d6ca5f3d1caa\",\"subList\":[{\"createTime\":1551420216000,\"createUser\":\"1\",\"menuIcon\":\"fa fa-th-list\",\"menuId\":31,\"menuName\":\"日用百货\",\"menuPerms\":\"\",\"menuType\":1,\"menuUrl\":\"/s/s\",\"orderNum\":1,\"parentId\":30,\"permissionsId\":\"49526e4c8f24959b811c55ce8673\"}]}],\"sysUser\":{\"cUsrEmail\":\"pop@163.com\",\"cUsrId\":\"1\",\"cUsrName\":\"admin\",\"cUsrPassword\":\"6127d5ef08ce6ec13c780fa2063cff79\",\"cUsrPhone\":\"13333333333\",\"cUsrRealName\":\"管理员\",\"cUsrStatus\":1,\"createTime\":1550541986000,\"createUser\":\"1\",\"lastLoginTime\":1551763535985,\"updateTime\":1551693382000,\"updateUser\":\"1\"}}', '24', '0:0:0:0:0:0:0:1', '1', '2019-03-05 13:27:20', null, null);
INSERT INTO `t_sys_log` VALUES ('d6728dcb914448baa2e7bcf7da75', 'admin', '用户成功登录', 'com.beisi.module.sys.controller.SysLoginController.sysIndex()', '{\"menuList\":[{\"createTime\":1550564563000,\"createUser\":\"1\",\"menuIcon\":\"fa fa-cog\",\"menuId\":1,\"menuName\":\"系统管理\",\"menuPerms\":\"\",\"menuType\":0,\"menuUrl\":\"\",\"orderNum\":0,\"parentId\":0,\"permissionsId\":\"0945427879a648a291c4a941ac36495d\",\"subList\":[{\"createTime\":1550564563000,\"createUser\":\"1\",\"menuIcon\":\"fa fa-user\",\"menuId\":2,\"menuName\":\"管理员列表\",\"menuPerms\":\"\",\"menuType\":1,\"menuUrl\":\"sys/user\",\"orderNum\":1,\"parentId\":1,\"permissionsId\":\"4cd6804bce394f9c8f9cba84e4d8af19\"},{\"createTime\":1550564563000,\"createUser\":\"1\",\"menuIcon\":\"fa fa-user-secret\",\"menuId\":3,\"menuName\":\"角色管理\",\"menuPerms\":\"\",\"menuType\":1,\"menuUrl\":\"sys/role\",\"orderNum\":2,\"parentId\":1,\"permissionsId\":\"cb7b9563748446cfa6c7a73a62403449\"},{\"createTime\":1550564563000,\"createUser\":\"1\",\"menuIcon\":\"fa fa-th-list\",\"menuId\":4,\"menuName\":\"菜单管理\",\"menuPerms\":\"\",\"menuType\":1,\"menuUrl\":\"sys/menu\",\"orderNum\":3,\"parentId\":1,\"permissionsId\":\"167a4f87b40e4b7c9239c814cf5e90d1\"},{\"createTime\":1550564563000,\"createUser\":\"1\",\"menuIcon\":\"fa fa-bug\",\"menuId\":5,\"menuName\":\"SQL监控\",\"menuPerms\":\"\",\"menuType\":1,\"menuUrl\":\"druid/sql.html\",\"orderNum\":4,\"parentId\":1,\"permissionsId\":\"dfb5a567c84949ada425d7a0b672b4a2\"},{\"createTime\":1550564563000,\"createUser\":\"1\",\"menuIcon\":\"fa fa-tasks\",\"menuId\":6,\"menuName\":\"定时任务\",\"menuPerms\":\"\",\"menuType\":1,\"menuUrl\":\"sys/schedule\",\"orderNum\":5,\"parentId\":1,\"permissionsId\":\"a979b75f506146d8a7831dc559d4baa5\"},{\"createTime\":1550564563000,\"createUser\":\"1\",\"menuIcon\":\"fa fa-file-image-o\",\"menuId\":29,\"menuName\":\"文件上传\",\"menuPerms\":\"sys:oss:all\",\"menuType\":1,\"menuUrl\":\"sys/oss\",\"orderNum\":6,\"parentId\":1,\"permissionsId\":\"d5f15634efb24f36a57a853edbe462f4\"},{\"createTime\":1550564563000,\"createUser\":\"1\",\"menuIcon\":\"fa fa-sun-o\",\"menuId\":27,\"menuName\":\"参数管理\",\"menuPerms\":\"sys:config:list,sys:config:info,sys:config:save,sys:config:update,sys:config:delete\",\"menuType\":1,\"menuUrl\":\"sys/config\",\"orderNum\":6,\"parentId\":1,\"permissionsId\":\"dc29800c9d7a4259b90b114b795782c4\"},{\"createTime\":1550564563000,\"createUser\":\"1\",\"menuIcon\":\"fa fa-file-text-o\",\"menuId\":28,\"menuName\":\"系统日志\",\"menuPerms\":\"sys:log:list\",\"menuType\":1,\"menuUrl\":\"sys/log\",\"orderNum\":7,\"parentId\":1,\"permissionsId\":\"c318fc6c945f472f92cd76c6aedae38a\"}]},{\"createTime\":1551360658000,\"createUser\":\"1\",\"menuIcon\":\"fa fa-th-list\",\"menuId\":30,\"menuName\":\"商品管理\",\"menuPerms\":\"\",\"menuType\":0,\"menuUrl\":\"\",\"orderNum\":1,\"parentId\":0,\"permissionsId\":\"3168a03dcadb40de9608d6ca5f3d1caa\",\"subList\":[{\"createTime\":1551420216000,\"createUser\":\"1\",\"menuIcon\":\"fa fa-th-list\",\"menuId\":31,\"menuName\":\"日用百货\",\"menuPerms\":\"\",\"menuType\":1,\"menuUrl\":\"/s/s\",\"orderNum\":1,\"parentId\":30,\"permissionsId\":\"49526e4c8f24959b811c55ce8673\"}]}],\"sysUser\":{\"cUsrEmail\":\"pop@163.com\",\"cUsrId\":\"1\",\"cUsrName\":\"admin\",\"cUsrPassword\":\"6127d5ef08ce6ec13c780fa2063cff79\",\"cUsrPhone\":\"13333333333\",\"cUsrRealName\":\"管理员\",\"cUsrStatus\":1,\"createTime\":1550541986000,\"createUser\":\"1\",\"lastLoginTime\":1551764721408,\"updateTime\":1551693382000,\"updateUser\":\"1\"}}', '34', '0:0:0:0:0:0:0:1', '1', '2019-03-05 13:45:22', null, null);
INSERT INTO `t_sys_log` VALUES ('eba699587984dfb76340833c5052', 'admin', '用户成功登录', 'com.beisi.module.sys.controller.SysLoginController.sysIndex()', '{\"menuList\":[{\"createTime\":1550564563000,\"createUser\":\"1\",\"menuIcon\":\"fa fa-cog\",\"menuId\":1,\"menuName\":\"系统管理\",\"menuPerms\":\"\",\"menuType\":0,\"menuUrl\":\"\",\"orderNum\":0,\"parentId\":0,\"permissionsId\":\"0945427879a648a291c4a941ac36495d\",\"subList\":[{\"createTime\":1550564563000,\"createUser\":\"1\",\"menuIcon\":\"fa fa-user\",\"menuId\":2,\"menuName\":\"管理员列表\",\"menuPerms\":\"\",\"menuType\":1,\"menuUrl\":\"sys/user\",\"orderNum\":1,\"parentId\":1,\"permissionsId\":\"4cd6804bce394f9c8f9cba84e4d8af19\"},{\"createTime\":1550564563000,\"createUser\":\"1\",\"menuIcon\":\"fa fa-user-secret\",\"menuId\":3,\"menuName\":\"角色管理\",\"menuPerms\":\"\",\"menuType\":1,\"menuUrl\":\"sys/role\",\"orderNum\":2,\"parentId\":1,\"permissionsId\":\"cb7b9563748446cfa6c7a73a62403449\"},{\"createTime\":1550564563000,\"createUser\":\"1\",\"menuIcon\":\"fa fa-th-list\",\"menuId\":4,\"menuName\":\"菜单管理\",\"menuPerms\":\"\",\"menuType\":1,\"menuUrl\":\"sys/menu\",\"orderNum\":3,\"parentId\":1,\"permissionsId\":\"167a4f87b40e4b7c9239c814cf5e90d1\"},{\"createTime\":1550564563000,\"createUser\":\"1\",\"menuIcon\":\"fa fa-bug\",\"menuId\":5,\"menuName\":\"SQL监控\",\"menuPerms\":\"\",\"menuType\":1,\"menuUrl\":\"druid/sql.html\",\"orderNum\":4,\"parentId\":1,\"permissionsId\":\"dfb5a567c84949ada425d7a0b672b4a2\"},{\"createTime\":1550564563000,\"createUser\":\"1\",\"menuIcon\":\"fa fa-tasks\",\"menuId\":6,\"menuName\":\"定时任务\",\"menuPerms\":\"\",\"menuType\":1,\"menuUrl\":\"sys/schedule\",\"orderNum\":5,\"parentId\":1,\"permissionsId\":\"a979b75f506146d8a7831dc559d4baa5\"},{\"createTime\":1550564563000,\"createUser\":\"1\",\"menuIcon\":\"fa fa-file-image-o\",\"menuId\":29,\"menuName\":\"文件上传\",\"menuPerms\":\"sys:oss:all\",\"menuType\":1,\"menuUrl\":\"sys/oss\",\"orderNum\":6,\"parentId\":1,\"permissionsId\":\"d5f15634efb24f36a57a853edbe462f4\"},{\"createTime\":1550564563000,\"createUser\":\"1\",\"menuIcon\":\"fa fa-sun-o\",\"menuId\":27,\"menuName\":\"参数管理\",\"menuPerms\":\"sys:config:list,sys:config:info,sys:config:save,sys:config:update,sys:config:delete\",\"menuType\":1,\"menuUrl\":\"sys/config\",\"orderNum\":6,\"parentId\":1,\"permissionsId\":\"dc29800c9d7a4259b90b114b795782c4\"},{\"createTime\":1550564563000,\"createUser\":\"1\",\"menuIcon\":\"fa fa-file-text-o\",\"menuId\":28,\"menuName\":\"系统日志\",\"menuPerms\":\"sys:log:list\",\"menuType\":1,\"menuUrl\":\"sys/log\",\"orderNum\":7,\"parentId\":1,\"permissionsId\":\"c318fc6c945f472f92cd76c6aedae38a\"}]},{\"createTime\":1551360658000,\"createUser\":\"1\",\"menuIcon\":\"fa fa-th-list\",\"menuId\":30,\"menuName\":\"商品管理\",\"menuPerms\":\"\",\"menuType\":0,\"menuUrl\":\"\",\"orderNum\":1,\"parentId\":0,\"permissionsId\":\"3168a03dcadb40de9608d6ca5f3d1caa\",\"subList\":[{\"createTime\":1551420216000,\"createUser\":\"1\",\"menuIcon\":\"fa fa-th-list\",\"menuId\":31,\"menuName\":\"日用百货\",\"menuPerms\":\"\",\"menuType\":1,\"menuUrl\":\"/s/s\",\"orderNum\":1,\"parentId\":30,\"permissionsId\":\"49526e4c8f24959b811c55ce8673\"}]}],\"sysUser\":{\"cUsrEmail\":\"pop@163.com\",\"cUsrId\":\"1\",\"cUsrName\":\"admin\",\"cUsrPassword\":\"6127d5ef08ce6ec13c780fa2063cff79\",\"cUsrPhone\":\"13333333333\",\"cUsrRealName\":\"管理员\",\"cUsrStatus\":1,\"createTime\":1550541986000,\"createUser\":\"1\",\"lastLoginTime\":1551763535985,\"updateTime\":1551693382000,\"updateUser\":\"1\"}}', '15', '0:0:0:0:0:0:0:1', '1', '2019-03-05 13:30:55', null, null);
INSERT INTO `t_sys_log` VALUES ('fe2ea1da79c4efabed6aeaf271a1', 'test', '用户成功登录', 'com.beisi.module.sys.controller.SysLoginController.sysIndex()', '{\"menuList\":[{\"createTime\":1550564563000,\"createUser\":\"1\",\"menuIcon\":\"fa fa-cog\",\"menuId\":1,\"menuName\":\"系统管理\",\"menuPerms\":\"\",\"menuType\":0,\"menuUrl\":\"\",\"orderNum\":0,\"parentId\":0,\"permissionsId\":\"0945427879a648a291c4a941ac36495d\",\"subList\":[{\"createTime\":1550564563000,\"createUser\":\"1\",\"menuIcon\":\"fa fa-user\",\"menuId\":2,\"menuName\":\"管理员列表\",\"menuPerms\":\"\",\"menuType\":1,\"menuUrl\":\"sys/user\",\"orderNum\":1,\"parentId\":1,\"permissionsId\":\"4cd6804bce394f9c8f9cba84e4d8af19\"},{\"createTime\":1550564563000,\"createUser\":\"1\",\"menuIcon\":\"fa fa-user-secret\",\"menuId\":3,\"menuName\":\"角色管理\",\"menuPerms\":\"\",\"menuType\":1,\"menuUrl\":\"sys/role\",\"orderNum\":2,\"parentId\":1,\"permissionsId\":\"cb7b9563748446cfa6c7a73a62403449\"},{\"createTime\":1550564563000,\"createUser\":\"1\",\"menuIcon\":\"fa fa-th-list\",\"menuId\":4,\"menuName\":\"菜单管理\",\"menuPerms\":\"\",\"menuType\":1,\"menuUrl\":\"sys/menu\",\"orderNum\":3,\"parentId\":1,\"permissionsId\":\"167a4f87b40e4b7c9239c814cf5e90d1\"},{\"createTime\":1550564563000,\"createUser\":\"1\",\"menuIcon\":\"fa fa-bug\",\"menuId\":5,\"menuName\":\"SQL监控\",\"menuPerms\":\"\",\"menuType\":1,\"menuUrl\":\"druid/sql.html\",\"orderNum\":4,\"parentId\":1,\"permissionsId\":\"dfb5a567c84949ada425d7a0b672b4a2\"},{\"createTime\":1550564563000,\"createUser\":\"1\",\"menuIcon\":\"fa fa-tasks\",\"menuId\":6,\"menuName\":\"定时任务\",\"menuPerms\":\"\",\"menuType\":1,\"menuUrl\":\"sys/schedule\",\"orderNum\":5,\"parentId\":1,\"permissionsId\":\"a979b75f506146d8a7831dc559d4baa5\"},{\"createTime\":1550564563000,\"createUser\":\"1\",\"menuIcon\":\"fa fa-file-image-o\",\"menuId\":29,\"menuName\":\"文件上传\",\"menuPerms\":\"sys:oss:all\",\"menuType\":1,\"menuUrl\":\"sys/oss\",\"orderNum\":6,\"parentId\":1,\"permissionsId\":\"d5f15634efb24f36a57a853edbe462f4\"},{\"createTime\":1550564563000,\"createUser\":\"1\",\"menuIcon\":\"fa fa-sun-o\",\"menuId\":27,\"menuName\":\"参数管理\",\"menuPerms\":\"sys:config:list,sys:config:info,sys:config:save,sys:config:update,sys:config:delete\",\"menuType\":1,\"menuUrl\":\"sys/config\",\"orderNum\":6,\"parentId\":1,\"permissionsId\":\"dc29800c9d7a4259b90b114b795782c4\"},{\"createTime\":1550564563000,\"createUser\":\"1\",\"menuIcon\":\"fa fa-file-text-o\",\"menuId\":28,\"menuName\":\"系统日志\",\"menuPerms\":\"sys:log:list\",\"menuType\":1,\"menuUrl\":\"sys/log\",\"orderNum\":7,\"parentId\":1,\"permissionsId\":\"c318fc6c945f472f92cd76c6aedae38a\"}]}],\"sysUser\":{\"cUsrEmail\":\"123@qq.com\",\"cUsrId\":\"e235ecc43510410183279954927b70b0\",\"cUsrName\":\"test\",\"cUsrPassword\":\"3edcbd6a490a8e571c0fb85a0348f25f\",\"cUsrPhone\":\"19999999999\",\"cUsrRealName\":\"测试\",\"cUsrStatus\":1,\"createTime\":1551675478000,\"createUser\":\"1\",\"expirationTime\":1553270400000,\"lastLoginTime\":1551763867752,\"updateTime\":1551700634000,\"updateUser\":\"1\"}}', '22', '192.168.100.8', 'e235ecc43510410183279954927b70b0', '2019-03-05 13:31:19', null, null);

-- ----------------------------
-- Table structure for t_sys_menu
-- ----------------------------
DROP TABLE IF EXISTS `t_sys_menu`;
CREATE TABLE `t_sys_menu` (
  `PERMISSIONS_ID` varchar(50) NOT NULL COMMENT '权限ID',
  `MENU_ID` int(11) NOT NULL COMMENT '菜单ID',
  `PARENT_ID` int(11) DEFAULT NULL COMMENT '父菜单ID，一级菜单为0',
  `MENU_NAME` varchar(100) DEFAULT NULL COMMENT '菜单名称',
  `MENU_URL` varchar(255) DEFAULT NULL COMMENT '菜单URL',
  `MENU_PERMS` varchar(1000) DEFAULT NULL COMMENT '权限（多个逗号分隔，如：user:add,user:delete）',
  `MENU_TYPE` int(11) DEFAULT NULL COMMENT '类型  0：目录   1：菜单   2：按钮',
  `MENU_ICON` varchar(100) DEFAULT NULL COMMENT '菜单图标',
  `ORDER_NUM` int(11) DEFAULT '0' COMMENT '排序',
  `CREATE_USER` varchar(50) DEFAULT NULL COMMENT '创建人',
  `CREATE_TIME` datetime DEFAULT NULL COMMENT '创建时间',
  `UPDATE_USER` varchar(50) DEFAULT NULL COMMENT '修改人',
  `UPDATE_TIME` datetime DEFAULT NULL COMMENT '修改的当前时间',
  PRIMARY KEY (`PERMISSIONS_ID`,`MENU_ID`)
) ENGINE=InnoDB DEFAULT CHARSET=utf8 COMMENT='菜单管理表';

-- ----------------------------
-- Records of t_sys_menu
-- ----------------------------
INSERT INTO `t_sys_menu` VALUES ('03341b39b09e466aa150ef3852ca5e7e', '17', '2', '修改', '', 'sys:user:update,sys:role:select', '2', '', '0', '1', '2019-02-19 16:22:43', null, null);
INSERT INTO `t_sys_menu` VALUES ('0945427879a648a291c4a941ac36495d', '1', '0', '系统管理', '', '', '0', 'fa fa-cog', '0', '1', '2019-02-19 16:22:43', null, null);
INSERT INTO `t_sys_menu` VALUES ('167a4f87b40e4b7c9239c814cf5e90d1', '4', '1', '菜单管理', 'sys/menu', '', '1', 'fa fa-th-list', '3', '1', '2019-02-19 16:22:43', null, null);
INSERT INTO `t_sys_menu` VALUES ('1ad3f471bbb341d88cb711af1c50d042', '19', '3', '查看', '', 'sys:role:list,sys:role:info', '2', '', '0', '1', '2019-02-19 16:22:43', null, null);
INSERT INTO `t_sys_menu` VALUES ('21437ab1f93643d69fccab91231c327c', '14', '6', '日志列表', '', 'sys:schedule:log', '2', '', '0', '1', '2019-02-19 16:22:43', null, null);
INSERT INTO `t_sys_menu` VALUES ('3221715397a4d894cb55d6674589', '34', '1', '在线管理', 'sys/online', '', '1', 'fa fa-plug', '9', '1', '2019-03-12 14:30:36', '1', '2019-03-12 15:09:07');
INSERT INTO `t_sys_menu` VALUES ('4caa812d275844e38b47fef0d0c7ebef', '10', '6', '删除', '', 'sys:schedule:delete', '2', '', '0', '1', '2019-02-19 16:22:43', null, null);
INSERT INTO `t_sys_menu` VALUES ('4cd6804bce394f9c8f9cba84e4d8af19', '2', '1', '管理员列表', 'sys/user', '', '1', 'fa fa-user', '1', '1', '2019-02-19 16:22:43', null, null);
INSERT INTO `t_sys_menu` VALUES ('5379aed7c23c4fc9ab0d205897c7f373', '22', '3', '删除', '', 'sys:role:delete', '2', '', '0', '1', '2019-02-19 16:22:43', null, null);
INSERT INTO `t_sys_menu` VALUES ('5603167c8774f7a0f71674224427', '35', '34', '查看', '', 'sys:online:list', '2', '', '0', '1', '2019-03-12 15:00:43', null, null);
INSERT INTO `t_sys_menu` VALUES ('7d712f4966d24639a4783cb23401d5a0', '12', '6', '恢复', '', 'sys:schedule:resume', '2', '', '0', '1', '2019-02-19 16:22:43', null, null);
INSERT INTO `t_sys_menu` VALUES ('82dd79cf08db4bc8af8fc08296719567', '13', '6', '立即执行', '', 'sys:schedule:run', '2', '', '0', '1', '2019-02-19 16:22:43', null, null);
INSERT INTO `t_sys_menu` VALUES ('89909ffc00274156afb3d8f76ee7a9eb', '11', '6', '暂停', '', 'sys:schedule:pause', '2', '', '0', '1', '2019-02-19 16:22:43', null, null);
INSERT INTO `t_sys_menu` VALUES ('8c561c66ecc94c988c94c644fec5b9a5', '26', '4', '删除', '', 'sys:menu:delete', '2', '', '0', '1', '2019-02-19 16:22:43', null, null);
INSERT INTO `t_sys_menu` VALUES ('8f1ac3496fec4ec7993aa2ce9db7b904', '23', '4', '查看', '', 'sys:menu:list,sys:menu:info', '2', '', '0', '1', '2019-02-19 16:22:43', null, null);
INSERT INTO `t_sys_menu` VALUES ('90e0bbf6b8f4c7b077824b377ef3', '36', '34', '踢出', '', 'sys:online:offline', '2', '', '0', '1', '2019-03-12 15:01:08', null, null);
INSERT INTO `t_sys_menu` VALUES ('a832ed79a22b4d8a93447cdc0f9591c2', '8', '6', '新增', '', 'sys:schedule:save', '2', '', '0', '1', '2019-02-19 16:22:43', null, null);
INSERT INTO `t_sys_menu` VALUES ('a979b75f506146d8a7831dc559d4baa5', '6', '1', '定时任务', 'sys/schedule', '', '1', 'fa fa-tasks', '5', '1', '2019-02-19 16:22:43', null, null);
INSERT INTO `t_sys_menu` VALUES ('ac02ab22ffc843a08bb91c7e8c676e93', '9', '6', '修改', '', 'sys:schedule:update', '2', '', '0', '1', '2019-02-19 16:22:43', null, null);
INSERT INTO `t_sys_menu` VALUES ('acb67332a02b4e27bbd0735994e555a1', '15', '2', '查看', '', 'sys:user:list,sys:user:info', '2', '', '0', '1', '2019-02-19 16:22:43', null, null);
INSERT INTO `t_sys_menu` VALUES ('b3826d1f65174df0809025d2d8ce3d4b', '20', '3', '新增', '', 'sys:role:save,sys:menu:list', '2', '', '0', '1', '2019-02-19 16:22:43', null, null);
INSERT INTO `t_sys_menu` VALUES ('bc439f1b20bd4ea3a1b84c8fe0eb822f', '21', '3', '修改', '', 'sys:role:update,sys:menu:list', '2', '', '0', '1', '2019-02-19 16:22:43', null, null);
INSERT INTO `t_sys_menu` VALUES ('c318fc6c945f472f92cd76c6aedae38a', '28', '1', '系统日志', 'sys/log', 'sys:log:list', '1', 'fa fa-file-text-o', '6', '1', '2019-02-19 16:22:43', '1', '2019-03-07 19:13:36');
INSERT INTO `t_sys_menu` VALUES ('c58ab8926a314ed8b53b4f9f753ccc48', '18', '2', '删除', '', 'sys:user:delete', '2', '', '0', '1', '2019-02-19 16:22:43', null, null);
INSERT INTO `t_sys_menu` VALUES ('cb7b9563748446cfa6c7a73a62403449', '3', '1', '角色管理', 'sys/role', '', '1', 'fa fa-user-secret', '2', '1', '2019-02-19 16:22:43', null, null);
INSERT INTO `t_sys_menu` VALUES ('d5f15634efb24f36a57a853edbe462f4', '29', '1', '文件上传', 'sys/oss', 'sys:oss:all', '1', 'fa fa-file-image-o', '8', '1', '2019-02-19 16:22:43', '1', '2019-03-07 19:13:06');
INSERT INTO `t_sys_menu` VALUES ('d7bae62794f447d08311558388bf4d39', '7', '6', '查看', '', 'sys:schedule:list,sys:schedule:info', '2', '', '0', '1', '2019-02-19 16:22:43', null, null);
INSERT INTO `t_sys_menu` VALUES ('dc29800c9d7a4259b90b114b795782c4', '27', '1', '参数管理', 'sys/config', 'sys:config:list,sys:config:info,sys:config:save,sys:config:update,sys:config:delete', '1', 'fa fa-sun-o', '7', '1', '2019-02-19 16:22:43', '1', '2019-03-07 19:13:26');
INSERT INTO `t_sys_menu` VALUES ('dfb5a567c84949ada425d7a0b672b4a2', '5', '1', 'SQL监控', 'druid/sql.html', '', '1', 'fa fa-bug', '4', '1', '2019-02-19 16:22:43', null, null);
INSERT INTO `t_sys_menu` VALUES ('e6493ae4dae6478caf178bd3584a0c57', '16', '2', '新增', '', 'sys:user:save,sys:role:select', '2', '', '0', '1', '2019-02-19 16:22:43', null, null);
INSERT INTO `t_sys_menu` VALUES ('e850eaebb8c04ba5adc8cbd81463bdc1', '25', '4', '修改', '', 'sys:menu:update,sys:menu:select', '2', '', '0', '1', '2019-02-19 16:22:43', null, null);
INSERT INTO `t_sys_menu` VALUES ('fb119551d1a54a5a8576ecf2d47745e9', '24', '4', '新增', '', 'sys:menu:save,sys:menu:select', '2', '', '0', '1', '2019-02-19 16:22:43', null, null);

-- ----------------------------
-- Table structure for t_sys_role
-- ----------------------------
DROP TABLE IF EXISTS `t_sys_role`;
CREATE TABLE `t_sys_role` (
  `ROLE_ID` varchar(50) NOT NULL COMMENT '用户ID',
  `ROLE_NAME` varchar(100) DEFAULT NULL COMMENT '角色名',
  `ROLE_REMARK` varchar(100) DEFAULT NULL COMMENT '备注',
  `CREATE_USER` varchar(50) DEFAULT NULL COMMENT '创建人',
  `CREATE_TIME` datetime DEFAULT NULL COMMENT '创建时间',
  `UPDATE_USER` varchar(50) DEFAULT NULL COMMENT '修改人',
  `UPDATE_TIME` datetime DEFAULT NULL COMMENT '修改的当前时间',
  PRIMARY KEY (`ROLE_ID`)
) ENGINE=InnoDB DEFAULT CHARSET=utf8 COMMENT='角色表';

-- ----------------------------
-- Records of t_sys_role
-- ----------------------------
INSERT INTO `t_sys_role` VALUES ('aca7a7713bf4e08e52ef5dc7ce92', '学生', '学生', '1', '2019-03-04 19:44:55', null, null);
INSERT INTO `t_sys_role` VALUES ('e7c5099c9a14459649cb925f0972', '平台管理员', '平台管理员', '1', '2019-03-04 19:44:47', '1', '2019-03-04 20:38:17');

-- ----------------------------
-- Table structure for t_sys_role_menu
-- ----------------------------
DROP TABLE IF EXISTS `t_sys_role_menu`;
CREATE TABLE `t_sys_role_menu` (
  `ROW_ID` varchar(50) NOT NULL COMMENT '行ID',
  `ROLE_ID` varchar(50) DEFAULT NULL COMMENT '角色ID',
  `PERMISSIONS_ID` varchar(50) DEFAULT NULL COMMENT '权限ID',
  `CREATE_USER` varchar(50) DEFAULT NULL COMMENT '创建人',
  `CREATE_TIME` datetime DEFAULT NULL COMMENT '创建时间',
  `UPDATE_USER` varchar(50) DEFAULT NULL COMMENT '修改人',
  `UPDATE_TIME` datetime DEFAULT NULL COMMENT '修改的当前时间',
  PRIMARY KEY (`ROW_ID`)
) ENGINE=InnoDB DEFAULT CHARSET=utf8 COMMENT='角色与菜单对应关系';

-- ----------------------------
-- Records of t_sys_role_menu
-- ----------------------------
INSERT INTO `t_sys_role_menu` VALUES ('029b63efd3f400ad8a2f53cb38ff', 'e7c5099c9a14459649cb925f0972', 'dfb5a567c84949ada425d7a0b672b4a2', '1', '2019-03-04 20:38:17', null, null);
INSERT INTO `t_sys_role_menu` VALUES ('1aeedcb126a4b1bc051423082af9', 'e7c5099c9a14459649cb925f0972', 'cb7b9563748446cfa6c7a73a62403449', '1', '2019-03-04 20:38:17', null, null);
INSERT INTO `t_sys_role_menu` VALUES ('23febd7cb124558a144ee2db306a', 'e7c5099c9a14459649cb925f0972', 'c318fc6c945f472f92cd76c6aedae38a', '1', '2019-03-04 20:38:17', null, null);
INSERT INTO `t_sys_role_menu` VALUES ('2c2ea2522ae450b784326c5d1fe9', 'e7c5099c9a14459649cb925f0972', 'd5f15634efb24f36a57a853edbe462f4', '1', '2019-03-04 20:38:17', null, null);
INSERT INTO `t_sys_role_menu` VALUES ('2ce461578514ec99ebaf82d1d360', 'e7c5099c9a14459649cb925f0972', '03341b39b09e466aa150ef3852ca5e7e', '1', '2019-03-04 20:38:17', null, null);
INSERT INTO `t_sys_role_menu` VALUES ('30b0f47b92945e906bcfcdef41b0', 'e7c5099c9a14459649cb925f0972', 'e850eaebb8c04ba5adc8cbd81463bdc1', '1', '2019-03-04 20:38:17', null, null);
INSERT INTO `t_sys_role_menu` VALUES ('329193cc9624ddb9e917b71ebed1', 'e7c5099c9a14459649cb925f0972', 'dc29800c9d7a4259b90b114b795782c4', '1', '2019-03-04 20:38:17', null, null);
INSERT INTO `t_sys_role_menu` VALUES ('3399ef59617496aca740e57e3e47', 'e7c5099c9a14459649cb925f0972', '8c561c66ecc94c988c94c644fec5b9a5', '1', '2019-03-04 20:38:17', null, null);
INSERT INTO `t_sys_role_menu` VALUES ('36af61bbf0643c9e0923e5f8e1d4', 'e7c5099c9a14459649cb925f0972', '4cd6804bce394f9c8f9cba84e4d8af19', '1', '2019-03-04 20:38:17', null, null);
INSERT INTO `t_sys_role_menu` VALUES ('39419ce5bc54a6a639ef9b2de398', 'e7c5099c9a14459649cb925f0972', 'b3826d1f65174df0809025d2d8ce3d4b', '1', '2019-03-04 20:38:17', null, null);
INSERT INTO `t_sys_role_menu` VALUES ('45a0e8f118d45b848307909fcc3a', 'e7c5099c9a14459649cb925f0972', '21437ab1f93643d69fccab91231c327c', '1', '2019-03-04 20:38:17', null, null);
INSERT INTO `t_sys_role_menu` VALUES ('483c64bddaa46b8facd8978fe37c', 'e7c5099c9a14459649cb925f0972', '1ad3f471bbb341d88cb711af1c50d042', '1', '2019-03-04 20:38:17', null, null);
INSERT INTO `t_sys_role_menu` VALUES ('48c9909017044e8340fee061521f', 'e7c5099c9a14459649cb925f0972', 'a979b75f506146d8a7831dc559d4baa5', '1', '2019-03-04 20:38:17', null, null);
INSERT INTO `t_sys_role_menu` VALUES ('48fd1a6b4914138aac7165d3fd6f', 'e7c5099c9a14459649cb925f0972', '5379aed7c23c4fc9ab0d205897c7f373', '1', '2019-03-04 20:38:17', null, null);
INSERT INTO `t_sys_role_menu` VALUES ('508b1223a384a5b051a319870794', 'e7c5099c9a14459649cb925f0972', 'acb67332a02b4e27bbd0735994e555a1', '1', '2019-03-04 20:38:17', null, null);
INSERT INTO `t_sys_role_menu` VALUES ('53a40c141cd457b3cac9aa2895ec', 'e7c5099c9a14459649cb925f0972', '0945427879a648a291c4a941ac36495d', '1', '2019-03-04 20:38:17', null, null);
INSERT INTO `t_sys_role_menu` VALUES ('547b631bca346d97b623155ecbaa', 'e7c5099c9a14459649cb925f0972', '82dd79cf08db4bc8af8fc08296719567', '1', '2019-03-04 20:38:17', null, null);
INSERT INTO `t_sys_role_menu` VALUES ('5f768a56fca497991ec5d8c5b619', 'e7c5099c9a14459649cb925f0972', 'bc439f1b20bd4ea3a1b84c8fe0eb822f', '1', '2019-03-04 20:38:17', null, null);
INSERT INTO `t_sys_role_menu` VALUES ('6083538e8364d1b61fcef160ed84', 'e7c5099c9a14459649cb925f0972', '7d712f4966d24639a4783cb23401d5a0', '1', '2019-03-04 20:38:17', null, null);
INSERT INTO `t_sys_role_menu` VALUES ('84409fa1ab541ab244b6c576090e', 'e7c5099c9a14459649cb925f0972', 'ac02ab22ffc843a08bb91c7e8c676e93', '1', '2019-03-04 20:38:17', null, null);
INSERT INTO `t_sys_role_menu` VALUES ('8f43a25d94c4b995a869e54aa991', 'e7c5099c9a14459649cb925f0972', 'e6493ae4dae6478caf178bd3584a0c57', '1', '2019-03-04 20:38:17', null, null);
INSERT INTO `t_sys_role_menu` VALUES ('98cbcd551fe4cfa4c0f0c9482970', 'e7c5099c9a14459649cb925f0972', '8f1ac3496fec4ec7993aa2ce9db7b904', '1', '2019-03-04 20:38:17', null, null);
INSERT INTO `t_sys_role_menu` VALUES ('a9848493493484a874028f4854e0', 'e7c5099c9a14459649cb925f0972', 'fb119551d1a54a5a8576ecf2d47745e9', '1', '2019-03-04 20:38:17', null, null);
INSERT INTO `t_sys_role_menu` VALUES ('b444f2326fd4998bf2dca7c85ecd', 'e7c5099c9a14459649cb925f0972', '167a4f87b40e4b7c9239c814cf5e90d1', '1', '2019-03-04 20:38:17', null, null);
INSERT INTO `t_sys_role_menu` VALUES ('b7a0cd9bd3c478bdd0335bb79582', 'e7c5099c9a14459649cb925f0972', '4caa812d275844e38b47fef0d0c7ebef', '1', '2019-03-04 20:38:17', null, null);
INSERT INTO `t_sys_role_menu` VALUES ('bb2fe7531ea4c6b590b831f6fd56', 'e7c5099c9a14459649cb925f0972', 'd7bae62794f447d08311558388bf4d39', '1', '2019-03-04 20:38:17', null, null);
INSERT INTO `t_sys_role_menu` VALUES ('c42b78d6fa2424af448038102f9f', 'e7c5099c9a14459649cb925f0972', '89909ffc00274156afb3d8f76ee7a9eb', '1', '2019-03-04 20:38:17', null, null);
INSERT INTO `t_sys_role_menu` VALUES ('d01566315de45e887a173a59e7c5', 'e7c5099c9a14459649cb925f0972', 'c58ab8926a314ed8b53b4f9f753ccc48', '1', '2019-03-04 20:38:17', null, null);
INSERT INTO `t_sys_role_menu` VALUES ('fd69ea562ca45eafb8d86ce00107', 'e7c5099c9a14459649cb925f0972', 'a832ed79a22b4d8a93447cdc0f9591c2', '1', '2019-03-04 20:38:17', null, null);

-- ----------------------------
-- Table structure for t_sys_user
-- ----------------------------
DROP TABLE IF EXISTS `t_sys_user`;
CREATE TABLE `t_sys_user` (
  `C_USR_ID` varchar(50) NOT NULL COMMENT '用户ID',
  `C_USR_NAME` varchar(50) NOT NULL COMMENT '用户名',
  `C_USR_PASSWORD` varchar(100) DEFAULT NULL COMMENT '密码',
  `C_USR_REAL_NAME` varchar(255) DEFAULT NULL COMMENT '真实姓名',
  `C_USR_EMAIL` varchar(100) DEFAULT NULL COMMENT '邮箱',
  `C_USR_PHONE` varchar(100) DEFAULT NULL COMMENT '手机号码',
  `C_USR_STATUS` int(11) DEFAULT NULL COMMENT '用户状态  0：禁用  1：正常',
  `LAST_LOGIN_TIME` datetime DEFAULT NULL COMMENT '最后登陆时间',
  `EXPIRATION_TIME` datetime DEFAULT NULL COMMENT '账号过期时间',
  `CREATE_USER` varchar(50) DEFAULT NULL COMMENT '创建人',
  `CREATE_TIME` datetime DEFAULT NULL COMMENT '创建时间',
  `UPDATE_USER` varchar(50) DEFAULT NULL COMMENT '修改人',
  `UPDATE_TIME` datetime DEFAULT NULL COMMENT '修改的当前时间',
  PRIMARY KEY (`C_USR_ID`)
) ENGINE=InnoDB DEFAULT CHARSET=utf8 COMMENT='系统管理员或用户';

-- ----------------------------
-- Records of t_sys_user
-- ----------------------------
INSERT INTO `t_sys_user` VALUES ('1', 'admin', '6127d5ef08ce6ec13c780fa2063cff79', '管理员', 'pop@163.com', '13333333333', '1', '2019-03-12 15:46:50', null, '1', '2019-02-19 10:06:26', '1', '2019-03-04 17:56:22');
INSERT INTO `t_sys_user` VALUES ('e235ecc43510410183279954927b70b0', 'test', '3edcbd6a490a8e571c0fb85a0348f25f', '测试', '123@qq.com', '19999999999', '1', '2019-03-12 15:33:00', '2019-03-23 00:00:00', '1', '2019-03-04 12:57:58', '1', '2019-03-04 19:57:14');

-- ----------------------------
-- Table structure for t_sys_user_role
-- ----------------------------
DROP TABLE IF EXISTS `t_sys_user_role`;
CREATE TABLE `t_sys_user_role` (
  `ROW_ID` varchar(50) NOT NULL COMMENT '行ID',
  `C_USR_ID` varchar(50) DEFAULT NULL COMMENT '用户ID',
  `ROLE_ID` varchar(50) DEFAULT NULL COMMENT '角色ID',
  `CREATE_USER` varchar(50) DEFAULT NULL COMMENT '创建人',
  `CREATE_TIME` datetime DEFAULT NULL COMMENT '创建时间',
  `UPDATE_USER` varchar(50) DEFAULT NULL COMMENT '修改人',
  `UPDATE_TIME` datetime DEFAULT NULL COMMENT '修改的当前时间',
  PRIMARY KEY (`ROW_ID`)
) ENGINE=InnoDB DEFAULT CHARSET=utf8 COMMENT='用户与角色的对应关系';

-- ----------------------------
-- Records of t_sys_user_role
-- ----------------------------
INSERT INTO `t_sys_user_role` VALUES ('e062d2f73e04e689488373bead6e', 'e235ecc43510410183279954927b70b0', 'e7c5099c9a14459649cb925f0972', '1', '2019-03-04 19:57:14', null, null);
